Date,T,W,SR,DSP,DRH,PanE,Index,,Date - format is (m)mddyy
61289,17.6,389,522,101.4,76,0.47,0.354955516,,T - mean daily temperature in celcius
40487,13.9,372.2,552,101.4,69,0.46,0.515917822,,W - wind speed in cm/s
101288,18.9,308.4,431.4,101.6,76,0.38,0.585535961,,SR - solar radiation in Langleys
63088,19,323,301.3,101,82,0.27,0.580553177,,DSP - Air Pressure in kPa
61088,17.3,379,704.8,101.5,72,0.64,0.157480021,,DRH - Humidity in %
20990,12.2,272.9,402,102.3,53,0.39,0.796363127,,PanE - Pan Evaporation (the predictand) in cm/day
111890,17.4,320.2,313.8,101.4,70,0.32,0.85624233,,
11488,14.7,185.4,332.7,102.1,33,0.42,0.991425756,,"You should use the five predictors (T,W,SR,DSP,DRH) or a subset or combination of these to model PanE"
71987,19.3,369,710.4,101.2,68,0.71,0.201421561,,
21087,16.6,272.4,268.4,101.5,81,0.19,0.975988509,,"The data represent daily environmental factors at a site in San Diego, USA; 1/1/1987 - 31/12/1990"
122689,16.1,136.7,133.3,101.8,58,0.19,0.756146389,,
90390,21.6,363.1,554.8,101.1,74,0.57,0.86820086,,
21188,20.5,270.1,429.5,101.6,23,0.73,0.351585847,,
41488,15.3,543.9,285,101.2,74,0.32,0.64974756,,
20790,12.3,272,251.3,101.6,62,0.29,0.401616125,,
22190,12.8,236,355.3,102,62,0.31,0.339935134,,
22087,13.7,378.6,421.6,101.7,29,0.58,0.986307673,,
102489,19.1,489.3,362.9,101.7,70,0.43,0.056905741,,
31790,16.4,312,542.7,101.6,43,0.62,0.772623795,,
32990,14,312,342.4,101.4,70,0.3,0.468663585,,
32488,18.8,375.8,584.9,101.3,56,0.64,0.691760639,,
42587,16.5,354,455.6,101.5,73,0.41,0.743535696,,
112590,15.9,264.2,303.4,101.5,66,0.29,0.90748192,,
111387,17,306.1,233.4,101.4,76,0.24,0.016670523,,
111388,16.6,291.5,301.1,101.6,76,0.27,0.442587122,,
52589,17.2,436.9,646.5,101.3,69,0.64,0.171201756,,
33189,18.8,326.2,577.7,101.4,58,0.6,0.270827989,,
102688,17.8,384,334.6,101.3,70,0.38,0.906951575,,
82890,22.9,405.4,639.9,101.4,64,0.78,0.364741595,,
31588,14.1,399.5,389.9,101.4,57,0.44,0.954558751,,
32687,15.4,237.3,589,101.8,57,0.52,0.361042236,,
71389,19.9,471.9,648.8,101.4,76,0.63,0.161115573,,
62690,25.7,451,686.6,100.9,47,1.11,0.125563137,,
71089,20.2,433.7,493.1,101.3,72,0.54,0.316287143,,
11587,12.1,546.6,225.1,100.7,56,0.42,0.349435136,,
80687,21.2,333.9,468.1,101,72,0.49,0.042991917,,
52087,17.2,469.2,476.8,101.3,53,0.63,0.220940815,,
71889,20.3,388.1,686.3,101.4,71,0.71,0.235756413,,
21588,15.4,263.3,411.6,101.4,48,0.4,0.379424008,,
70787,17.8,403.2,467,101.2,75,0.46,0.458926947,,
60288,19.3,379.9,696.8,101.3,68,0.68,0.121651677,,
20588,14,254.2,368.9,102.1,32,0.47,0.406316805,,
101589,18.6,336.2,342.1,101.2,67,0.39,0.395401315,,
40887,19.7,289.3,629.9,101.4,49,0.77,0.556515103,,
52288,19.2,345.3,525.6,101.1,77,0.46,0.944703847,,
33087,18.1,331.6,560.7,101.8,18,0.89,0.847958574,,
61287,17.6,369,337.2,101.6,79,0.32,0.930893262,,
72290,22,365.8,587.5,101.2,75,0.6,0.985806269,,
120787,15.6,392.2,249.7,102,75,0.27,0.905538555,,
90290,21.2,366.3,559,101.2,73,0.58,0.666468333,,
53188,17.8,384,688.6,101.5,55,0.74,0.298163901,,
62589,19.9,494.3,636.5,101.4,63,0.75,0.132871326,,
90887,22.9,292.9,580.5,101.2,56,0.7,0.393424791,,
82090,20.7,426.4,648,101.3,65,0.76,0.24806774,,
101888,19.8,335.3,224.6,101.6,74,0.29,0.575949488,,
20189,12.2,276.5,335.2,101.6,69,0.3,0.31777503,,
32188,16.5,270.1,529.2,101.7,55,0.53,0.204281897,,
102488,17.9,311.6,261.7,101.2,81,0.23,0.363230716,,
42088,14.2,492.4,245.2,101,88,0.19,0.17068636,,
50788,14.9,462.8,537.9,101.9,68,0.52,0.532310433,,
62089,21.2,370.4,680.7,100.9,69,0.72,0.272091306,,
120987,15.1,348,269.3,102,69,0.27,0.242695632,,
90488,28.9,408.6,597.5,100.7,45,1,0.231631962,,
112987,15.1,364,290.8,101.6,63,0.35,0.120747482,,
70489,21.9,435.5,728.7,101,66,0.82,0.761038887,,
82990,22,310.7,608.8,101.4,73,0.6,0.983506461,,
62389,17.9,466.9,566.8,101,68,0.62,0.119445043,,
81487,18.1,384.9,292.7,101.1,75,0.33,0.410083311,,
33088,15.8,355.8,476.2,101,66,0.51,0.008548901,,
100988,22.4,225.9,481.5,101.1,50,0.6,0.510518696,,
81989,20.8,390.9,562.8,101.4,66,0.65,0.364789848,,
32989,15.9,373.5,551.1,101.9,78,0.44,0.405990868,,
72590,21,374.9,674,101.3,65,0.76,0.48276924,,
51890,16.8,373.5,619.5,101.5,64,0.64,0.692158178,,
61690,18.4,376.3,652.5,101.3,66,0.68,0.333585597,,
62090,18.8,307.9,618.2,101,76,0.54,0.289294709,,
121489,14.1,216.8,276.6,101.8,36,0.37,0.79986831,,
21587,13.7,279.2,167.7,101.4,84,0.14,0.416576477,,
120688,16,220.9,267.6,101.8,35,0.42,0.643577727,,
92089,19.1,430,536.8,101.1,60,0.63,0.742893264,,
21388,16.2,211.4,423,101.5,42,0.46,0.00165903,,
100287,21.4,348.9,477.4,101.3,81,0.42,0.018567404,,
110688,16.4,305.2,262.1,101.3,82,0.2,0.083931527,,
120387,14.7,263.8,264.5,101.8,76,0.18,0.07914708,,
22490,17.1,184.5,362.5,101.9,37,0.42,0.862784025,,
121590,13.1,253.3,216.3,101.3,61,0.25,0.820729182,,
120290,15.2,237.8,323.5,101.9,38,0.43,0.36019686,,
42987,16.5,362.6,274.4,101.4,77,0.28,0.104079618,,
40889,20.3,307.9,586.7,101,55,0.68,0.532085007,,
112489,16,366.3,150.9,101.3,69,0.28,0.529447781,,
121089,13.1,237.3,221.2,101.6,71,0.2,0.239027933,,
52189,18.2,405.4,639.4,101.4,72,0.61,0.490206704,,
12989,11.2,274.7,357.6,101.8,75,0.22,0.001395604,,
110987,18,329.8,342,101.8,75,0.3,0.076084931,,
21288,18.7,258.7,418.6,101.6,22,0.67,0.033616112,,
81788,19.8,344.4,551.1,101,73,0.53,0.523281109,,
52989,17.3,446.9,615.3,101.5,69,0.63,0.739626209,,
60190,17.6,436.9,725.4,101.4,62,0.79,0.519139103,,
40190,14.9,326.6,249.7,101.5,69,0.28,0.575382116,,
62088,18.4,405,488.4,101.4,67,0.53,0.795447305,,
111988,12.8,182.7,240.8,102.2,36,0.32,0.237796055,,
42688,16.3,423.7,627.4,101.2,77,0.52,0.223154781,,
31989,15.7,298.4,512,101.7,67,0.42,0.372296209,,
60187,18.8,389.5,669.1,101.2,72,0.64,0.284075052,,
32988,18.6,315.2,584.3,101.5,32,0.8,0.974499158,,
100190,20.7,377.6,304.4,101.4,75,0.36,0.785005266,,
122987,10.1,317.5,175.2,102,66,0.22,0.91266935,,
100787,20.5,440.5,421.3,101.4,76,0.44,0.080462963,,
60389,16.5,422.7,332.8,101.3,73,0.37,0.793405893,,
72987,20.3,379,619.3,100.9,73,0.62,0.569877683,,
110187,18.7,524.8,273.8,101.2,79,0.3,0.994389625,,
32790,14.6,420.9,284.5,101.6,63,0.38,0.868171295,,
62987,18.9,449.2,667.6,101.3,63,0.76,0.881087232,,
41788,15.6,480.6,293.6,101.9,75,0.35,0.167889183,,
52090,17.4,406.8,678.8,101.7,60,0.73,0.241334159,,
62688,20.2,425.5,726.3,101.1,70,0.75,0.709899297,,
111787,16.3,259.2,240.7,101.6,62,0.27,0.39777928,,
121787,13.3,470.6,125.8,100.2,74,0.25,0.498819295,,
92390,21,405.4,453.8,101.6,70,0.51,0.784141107,,
91387,19.1,441.9,526.7,101.4,63,0.61,0.241877702,,
61487,18,481.1,562.9,101.5,68,0.6,0.931858272,,
100587,20.7,283.8,471.5,101.3,80,0.4,0.667826681,,
90389,20,374.5,534,101.2,76,0.49,0.861333571,,
11088,15.4,249.2,270.2,101.9,47,0.33,0.235135535,,
101788,19.6,352.1,438.3,101.3,77,0.38,0.519372655,,
81287,21.3,470.6,606.7,101.3,71,0.68,0.868374225,,
40990,16.4,359.9,615.8,101.9,68,0.55,0.575960928,,
31190,12.6,676.9,315,101.5,57,0.49,0.332575308,,
81588,20.1,348.9,647.1,101,73,0.61,0.731431371,,
60790,19.4,364,520,101.1,76,0.47,0.121508681,,
101487,19.5,381.7,290.4,101.3,74,0.34,0.492288349,,
71689,19.7,375.8,624.8,101.6,71,0.62,0.207899246,,
52888,17.8,484.2,479.8,101.2,73,0.51,0.942298422,,
92590,20.9,421.8,500.3,101.5,71,0.54,0.805278726,,
111490,17.1,326.6,298.5,101.4,70,0.28,0.465762417,,
20590,11.3,293.4,394.9,102,52,0.37,0.597967932,,
82289,20.4,436.4,604.1,101.4,68,0.68,0.694564239,,
101588,18.7,324.8,462.9,101.4,74,0.41,0.012129604,,
100188,18.5,310.7,437.9,101.5,76,0.37,0.781528549,,
31987,14,687,466.9,101.2,56,0.62,0.282174252,,
100590,20.7,444.2,456.5,101.4,78,0.44,0.631342809,,
102788,17.7,324.3,349.7,101.1,66,0.39,0.631726185,,
92690,21.2,338.5,455.8,101.4,71,0.47,0.097030624,,
41188,18.6,410.4,537.4,101.2,68,0.52,0.291466543,,
110487,16.2,343,230.3,101.2,70,0.25,0.788495352,,
32987,17.4,314.8,559.6,101.6,34,0.7,0.065167405,,
81589,21.1,352.1,652.6,101,70,0.69,0.416580901,,
51590,16.7,414.5,595.7,101.5,64,0.62,0.664104134,,
82389,20.6,418.6,598,101.4,68,0.68,0.45769614,,
22489,18.4,282.9,360.3,101.7,48,0.49,0.45443196,,
122087,12.2,282.4,293.2,102.1,64,0.24,0.386823076,,
21689,11.2,327.5,414.2,102.4,70,0.29,0.859979053,,
10188,10.9,250.1,263.5,102.2,30,0.37,0.427141381,,
81289,22.5,433.2,655.1,101.3,75,0.7,0.41557616,,
111987,19,281.1,334.9,102.1,33,0.59,0.348148735,,
22690,13.9,236.9,396.8,101.8,74,0.26,0.434938489,,
50187,17.1,463.3,542.6,101.6,65,0.58,0.256156588,,
122387,12.1,582.2,307.1,101.5,44,0.57,0.52088513,,
21487,16.1,329.4,381.5,101.7,74,0.3,0.485261832,,
70988,19.5,359.9,617,101.1,75,0.58,0.321451255,,
92290,21.5,378.6,535.2,101.6,66,0.61,0.497117777,,
122587,7.2,302.9,315.2,101.7,24,0.41,0.985681017,,
20390,12.3,262.8,311.1,102.3,35,0.4,0.258889048,,
60887,18.2,425.9,345.6,101.3,79,0.36,0.614934341,,
110287,17.3,461.5,197.3,101.6,66,0.36,0.126617601,,
20690,11.8,194.5,388.9,101.7,52,0.34,0.259654027,,
71989,21,345.3,622,101.1,73,0.61,0.705174796,,
92187,20.5,331.2,433.2,101.1,75,0.42,0.140891845,,
62387,17.3,396.3,327.1,101.2,81,0.3,0.850822675,,
111190,20.6,194.1,321,101.7,30,0.54,0.017880531,,
71490,23.2,387.7,652.4,101,75,0.7,0.81111734,,
91487,19.5,373.5,585.4,101.6,69,0.59,0.21634463,,
12089,16.5,216.8,189.1,101.6,31,0.41,0.956578689,,
42187,22.5,362.2,669.4,101.4,21,1.14,0.690851689,,
80888,20.8,373.5,594.7,101.3,68,0.64,0.658601267,,
51487,17.5,326.6,333.4,101.2,81,0.29,0.987773249,,
81687,20.2,436,593.7,101.5,67,0.67,0.159190305,,
40590,17.2,399.1,418.1,101.5,77,0.36,0.340985371,,
72087,19.1,424.1,303.4,101.2,74,0.36,0.236747947,,
12587,14.3,251.5,354.1,102.1,66,0.28,0.358503171,,
40389,17.6,401.8,555,101.5,68,0.54,0.839297462,,
50289,17.3,323.9,671.6,101.5,70,0.59,0.34586635,,
92988,18.9,284.7,477,101.2,79,0.35,0.252155567,,
82690,21,453.7,628.5,101.6,61,0.77,0.184344104,,
70887,17.9,486.5,340.9,101,77,0.37,0.457086764,,
102190,20.4,326.2,449.1,101.5,19,0.81,0.544126453,,
120988,19.1,373.5,296.9,101.3,26,0.7,0.752743919,,
101989,16.7,405.4,184.4,101.5,89,0.14,0.5006705,,
111790,17.4,292.9,322.7,101.8,75,0.27,0.848249274,,
70288,18.6,339.4,515.7,101.2,77,0.46,0.51970797,,
41087,16.3,356.7,609.7,101.5,74,0.5,0.717309733,,
31688,14.7,453.7,435.3,101.8,60,0.48,0.021258964,,
60788,16.2,536.2,726.4,101.8,61,0.79,0.783254134,,
32787,14.6,347.6,513.8,101.6,71,0.43,0.877761523,,
82290,21.3,371.7,639.3,101.4,70,0.67,0.390343363,,
70989,20.3,378.1,612,101.2,72,0.62,0.894100197,,
41990,16.8,430.5,316.8,101.6,74,0.36,0.699762043,,
20787,21.1,415,217.5,101.6,20,0.81,0.611215581,,
101189,18.7,396.3,417.8,101.5,77,0.39,0.555576114,,
81088,20.5,395,650.6,101,68,0.7,0.700994938,,
110590,16.6,302.9,389.9,101.2,56,0.44,0.287773904,,
90487,21.3,333.9,576.4,101.2,70,0.6,0.061117662,,
60390,21.3,346.7,693.6,101.3,58,0.78,0.16133675,,
90990,24,346.7,585.4,100.9,68,0.65,0.405202284,,
21590,8.5,332.5,427.1,102,29,0.48,0.473512249,,
112890,14.9,298.8,334.7,102.1,35,0.51,0.893309861,,
121290,15.5,303.4,180.8,101.5,70,0.25,0.175052769,,
82390,20.8,370.4,606,101.1,67,0.67,0.356480191,,
40789,24.7,251.5,612,101.3,27,0.95,0.992778124,,
42287,21.8,366.7,656.8,101.2,27,1.03,0.617156539,,
91187,20,408.6,517,101,71,0.56,0.165339535,,
90387,20.1,378.1,262.9,101.3,84,0.26,0.893769279,,
113089,14.3,277.4,320.2,102.1,25,0.52,0.014399502,,
70488,18.7,384.5,663.6,101.1,69,0.66,0.885117694,,
122490,10.7,258.7,308.2,101.9,30,0.42,0.924275894,,
52187,17.2,438.2,611.5,101.6,60,0.68,0.515162726,,
121289,12.1,257.4,299.4,102,23,0.46,0.757961969,,
81290,22.5,399.5,590.8,101.3,77,0.62,0.461377236,,
52588,17.6,316.1,479.2,101.5,75,0.43,0.389596501,,
10489,13.3,354.9,179,101.7,85,0.14,0.399798598,,
102690,18.4,324.8,406.1,101.3,64,0.42,0.889708084,,
52689,17.4,383.6,718.4,101.2,69,0.68,0.038185708,,
120788,16.6,359.9,286.9,100.9,60,0.5,0.666128833,,
110888,17.2,291.1,296.9,101.6,68,0.28,0.420212375,,
10490,11.9,276.1,315.3,102.3,39,0.38,0.14957313,,
111289,17.2,330.3,352.3,101.3,73,0.32,0.174315991,,
53087,17.6,374.9,610.5,101.3,70,0.58,0.658898588,,
31388,15.2,383.6,525.5,101.9,25,0.78,0.752431726,,
40390,18.1,278.3,430.1,101.4,53,0.45,0.104212206,,
32890,13,426.4,202.6,101.4,80,0.24,0.511524563,,
91088,20.2,392.2,360.3,101,77,0.39,0.66666023,,
52290,19.9,454.2,642.4,101.4,68,0.72,0.728094614,,
50288,17.7,436.4,714.7,101.8,36,0.97,0.669060576,,
71488,19.7,365.8,600.1,101.3,71,0.61,0.514984976,,
91089,19.1,385.8,563.5,101.1,69,0.57,0.575229057,,
61688,17.5,512,615.6,101.4,71,0.63,0.216815006,,
32689,13.4,610.9,441.8,101.2,60,0.55,0.946891235,,
122589,15.3,224.1,198.5,101.9,46,0.29,0.883386694,,
12489,12.6,301.6,175.2,101.3,78,0.16,0.345255864,,
110289,18.2,317.1,411.2,101.6,19,0.73,0.128569905,,
21090,13.3,293.8,396.3,102.1,48,0.44,0.101344088,,
72889,21.9,358.1,684.7,101.2,73,0.7,0.090073885,,
21187,16.3,358.1,293.2,101.9,80,0.24,0.148430995,,
62590,22.5,441.9,705.5,101.1,64,0.85,0.952368579,,
62190,19.1,362.2,673.3,101.1,75,0.64,0.969482025,,
60889,16.4,313,309.6,101.2,84,0.24,0.73059247,,
32590,15.4,335.3,415.3,101.7,65,0.41,0.806921498,,
52590,17.1,377.6,660.1,101.3,70,0.63,0.672135659,,
113087,13.4,292.5,240.8,101.9,65,0.23,0.790760966,,
61188,16.7,426.4,607.7,101.6,68,0.59,0.604139688,,
51987,16.8,432.3,413.8,101.3,60,0.53,0.375433027,,
82587,19.2,368.1,609,101.5,61,0.68,0.538208127,,
21988,15,370.4,429.1,101.8,26,0.62,0.624980234,,
61090,20.2,353,388.3,101.4,86,0.32,0.59672446,,
112187,16.3,325.7,296.7,101.5,67,0.32,0.539501756,,
32588,23.7,326.6,560.1,101.4,22,0.97,0.087048024,,
50688,14.5,573.1,638.9,102.1,56,0.73,0.386634697,,
11490,14.5,359.9,224.9,101.7,79,0.2,0.6190654,,
81689,20.3,405.9,629.8,101,68,0.68,0.655339833,,
31687,14.1,349.9,496.6,101.2,59,0.47,0.983892276,,
40188,18.2,326.6,587.3,101.6,26,0.81,0.615313868,,
70187,19,467.8,574.6,101.5,67,0.64,0.627027582,,
80390,21.2,431.4,437.5,101.5,71,0.53,0.728038801,,
31489,14.8,368.5,489,101.4,69,0.42,0.428598331,,
72288,23.7,415,654.8,101.4,70,0.74,0.338282007,,
81488,20.7,402.7,666.8,101.2,73,0.67,0.061141071,,
80187,22.2,375.4,572.2,101,69,0.61,0.278913464,,
22790,14,303.4,464.8,101.9,71,0.36,0.585007767,,
111187,19.6,225.5,375.8,101.9,35,0.54,0.136466254,,
20688,15.9,295.2,404.4,101.9,33,0.6,0.922831991,,
12087,13,486.1,349.6,102.1,20,0.72,0.755323316,,
123090,11.6,236.4,307.1,102.3,41,0.33,0.931854011,,
50290,16.1,417.3,582.4,101.3,65,0.57,0.237835986,,
10690,13,124.8,310.3,102.4,35,0.32,0.315100296,,
101787,19.4,409.1,342.6,101.7,75,0.38,0.89732284,,
80287,23,356.7,569.6,100.9,71,0.61,0.040846945,,
70190,21.5,406.8,704,101.2,75,0.72,0.560591695,,
92887,19.9,381.7,518.6,101.4,77,0.48,0.014711501,,
11588,13.9,253.7,166.5,101.6,61,0.24,0.56625645,,
92387,20.8,370.4,295,101.6,84,0.27,0.232094381,,
61187,16.8,346.7,336.7,101.2,79,0.3,0.408451459,,
21387,15.7,406.3,209.2,102,76,0.21,0.410944446,,
90288,21.8,355.8,547.5,100.9,75,0.54,0.336964476,,
42188,14.2,524.3,326.6,100.5,74,0.32,0.935585391,,
51287,18.9,401.3,442.8,101,79,0.4,0.677435921,,
81190,22.6,423.7,541,101.2,76,0.58,0.629144119,,
11689,12.1,256.5,320.2,102.1,29,0.42,0.365160374,,
120888,20.1,620,308.9,101.3,19,1.09,0.622258208,,
63087,18.6,440.5,581.7,101.4,63,0.67,0.373768492,,
83190,21.6,383.6,537.5,101.2,74,0.56,0.855199509,,
51387,17.6,361.2,308.1,101.2,84,0.25,0.401564882,,
42687,16.4,307,313.6,101.7,76,0.3,0.928503802,,
62887,18.6,426.4,653.9,101.4,68,0.68,0.582314305,,
112490,17.3,228.2,273.8,101.5,57,0.32,0.436266955,,
90490,22,347.6,562.7,101.3,74,0.56,0.079447433,,
83187,21.4,504.7,519.2,101.5,74,0.59,0.538246769,,
51190,16.7,443.7,437.5,101.3,64,0.52,0.232187189,,
13088,13.5,279.2,281.7,101.7,69,0.25,0.731720229,,
122990,12.2,328.4,147.9,101.5,70,0.2,0.294071143,,
32088,19.4,175.8,510,101.6,21,0.69,0.255214556,,
70987,18.5,465.6,478.9,101,74,0.5,0.264931279,,
13089,14.2,278.3,354.5,101.7,40,0.4,0.535993618,,
53090,17.3,418.2,538.7,101.5,72,0.53,0.514529678,,
111390,19.2,265.6,356.7,101.4,42,0.45,0.488515296,,
112188,14,292,351.6,101.9,35,0.48,0.06994521,,
92888,18.9,300.7,524.5,101.3,80,0.39,0.314171427,,
123189,13.5,171.1,302.3,102.1,43,0.33,0.857102157,,
61089,16.7,395.9,311.8,101.4,78,0.3,0.292349442,,
12787,15.7,254.2,177.7,101.6,57,0.28,0.585585669,,
20188,13.6,414.1,289.5,101.4,67,0.32,0.565416491,,
92490,20.9,444.2,507.8,101.5,67,0.58,0.662414427,,
32290,14.6,335.7,477.5,101.5,78,0.33,0.975082987,,
82588,23.7,306.6,572,101.2,69,0.62,0.293395909,,
81988,19.1,371.7,365.6,100.9,80,0.34,0.475057853,,
10288,11.7,194.5,205.9,102.1,28,0.35,0.831353624,,
71388,19.6,355.3,584.1,101.4,72,0.58,0.326210765,,
102387,19.3,385.4,340.7,101.4,82,0.29,0.725326662,,
71990,23.6,397.7,712.5,100.9,69,0.81,0.396125874,,
71088,18.8,373.5,477.5,101.1,75,0.45,0.343963749,,
41689,17.5,415,408.3,101.4,68,0.46,0.74518772,,
52487,17,495.6,341.2,101.5,66,0.48,0.718083512,,
42690,17.5,349.4,586.5,101.2,76,0.49,0.248371274,,
21889,11.7,348.5,304,101.7,80,0.2,0.922408095,,
61989,21.4,433.2,551.1,101,70,0.63,0.377340305,,
82989,19.4,409.1,487.9,101.1,76,0.47,0.823847225,,
121790,12.4,248.3,285,102.1,59,0.28,0.526964927,,
82089,20.3,408.2,485.5,101.2,63,0.61,0.879562295,,
100889,19,315.7,434,101.5,74,0.37,0.9851421,,
122487,7.7,378.1,291.7,101.4,37,0.4,0.903006714,,
110690,17.5,370.4,336.3,101,59,0.48,0.910981855,,
92388,19,277.4,504,101.4,72,0.46,0.171400155,,
101889,19.4,369,437.2,101.4,63,0.43,0.239615391,,
111887,18.1,346.7,350.7,101.9,58,0.39,0.344732913,,
22290,15.6,240.5,355.5,101.9,41,0.42,0.433469376,,
111989,21,362.2,341.2,101.3,23,0.76,0.281339287,,
100689,20.7,426.4,395,101.6,70,0.49,0.046012188,,
73088,21.1,305.7,307.3,101.6,79,0.31,0.413567428,,
30589,13.6,364.4,461,102.1,56,0.46,0.513487443,,
62188,18.4,500.6,687.1,101.3,71,0.71,0.679040886,,
62288,18.5,475.6,537.8,101.1,75,0.53,0.086016936,,
101390,18.9,324.3,404,101.2,73,0.37,0.538802036,,
30490,14.4,460.6,202.5,101.6,62,0.39,0.811999113,,
121887,12.3,277.9,302.4,101.1,60,0.27,0.003117345,,
40790,16,398.1,337.9,101.6,74,0.34,0.315952527,,
71988,21.3,369,659.6,101.3,69,0.7,0.216315424,,
122687,8.6,267.9,281.7,102.5,38,0.35,0.975674702,,
52188,18.8,355.3,642.5,101.3,75,0.57,0.988755188,,
51688,17.4,361.2,488,101.4,75,0.45,0.542804533,,
80590,21.7,369,586.7,101.3,75,0.6,0.521143251,,
72487,19.1,444.6,539.6,101.1,71,0.56,0.64391154,,
110489,16.6,329.4,395.4,101.3,55,0.46,0.077554323,,
50689,17.6,337.6,584,101.6,73,0.52,0.383141166,,
10287,15,350.8,290.4,101.8,69,0.27,0.919214567,,
51989,18.4,400.4,676.7,101.5,65,0.71,0.960630832,,
60589,17.8,401.8,680.9,101.6,60,0.75,0.800934175,,
21989,13.3,334.4,259.2,101.6,77,0.22,0.805967104,,
81089,22.1,385.4,512.4,101.4,76,0.54,0.401590516,,
72287,19.3,441,676,101.5,66,0.73,0.391258692,,
20288,11.8,408.6,93.9,101.1,93,0.08,0.651461735,,
90989,18.9,428.7,546.5,101.2,72,0.53,0.963152239,,
22589,18.6,303.4,368.6,101.9,37,0.53,0.734203746,,
81887,19.7,535.7,473.9,101.5,73,0.55,0.131946331,,
121587,9.3,243.7,127.4,101.8,30,0.33,0.399461443,,
60988,17.2,366.7,743.2,101.4,68,0.69,0.588120008,,
42789,15.6,415,684.5,101.6,62,0.66,0.809825977,,
50590,21.5,392.7,673.9,101.1,59,0.83,0.637575633,,
62988,19.1,378.1,493.8,101,80,0.44,0.575627353,,
62287,18.4,405.9,655.5,101,72,0.65,0.16501654,,
91988,18.7,298.4,239.6,101.1,78,0.25,0.17021922,,
51187,18.3,355.3,466.6,101.1,79,0.41,0.76791014,,
122288,11.5,291.5,273,102.4,66,0.24,0.400888626,,
41387,17.7,307.9,614.5,101.5,68,0.56,0.251530223,,
22089,13.8,397.2,385.1,101.8,75,0.3,0.696756537,,
30789,17.9,328.9,476.5,101.1,52,0.53,0.925468017,,
102689,16.6,364.4,427.3,101.8,56,0.48,0.333533693,,
120588,14.6,262.8,299.5,102,44,0.4,0.709302564,,
51790,17.6,357.6,604.6,101.5,64,0.63,0.868621505,,
11489,9.4,237.8,324.4,102.3,61,0.25,0.010908765,,
50589,17.5,353,529,101.3,77,0.45,0.026979534,,
42988,16.8,335.7,689.6,101.8,65,0.65,0.39259839,,
32289,16,293.4,560.4,101.3,53,0.55,0.941691734,,
61889,19.2,358.1,618.9,101.1,76,0.56,0.015362253,,
22988,15.9,539.8,289.2,101.9,76,0.29,0.590319119,,
110388,17.7,319.8,291.3,101.5,71,0.3,0.67617411,,
30387,15.5,214.6,461,101.9,53,0.4,0.951000926,,
121487,8.1,213.6,197.2,102.2,26,0.33,0.755788435,,
20788,14.7,206.8,400.9,102,30,0.49,0.931212823,,
71787,17.8,401.8,263,101.3,84,0.25,0.563937979,,
92489,20.1,398.1,468,101,78,0.43,0.289311823,,
61490,17.5,471.5,634,101.5,58,0.75,0.591952667,,
111888,14,430.5,336.7,101.7,44,0.5,0.40997532,,
73090,22.7,456.5,649.6,101.3,70,0.74,0.122043299,,
12389,12.6,397.7,195.4,101.4,69,0.22,0.576922722,,
80890,22.6,397.2,452.3,101.3,76,0.5,0.649489631,,
101587,19.6,353,296.9,101.3,71,0.34,0.094452574,,
20789,10.3,311.1,176.3,102,33,0.4,0.937598172,,
31387,15.4,395,461,101.9,67,0.43,0.094692706,,
121888,11.9,318.9,169.9,101.9,76,0.19,0.891598147,,
120790,16.4,277.4,269.1,101.8,21,0.56,0.592097306,,
60688,15.9,500.2,632.2,101.7,57,0.71,0.93346263,,
72188,23.5,395.9,335.2,101.6,76,0.4,0.22469239,,
91887,20,441.9,552.8,101.4,72,0.56,0.694576362,,
12789,12.3,348,321.8,102.1,66,0.33,0.828297509,,
71487,18.9,438.2,472,101.1,78,0.46,0.476046449,,
22287,11.7,347.6,314.7,101.2,72,0.27,0.856995756,,
12188,11.2,238.7,316.4,102.1,51,0.31,0.439183257,,
102687,22.3,246.9,310.3,101.5,53,0.44,0.963385017,,
33187,17.7,264.2,601.2,101.3,20,0.79,0.212861966,,
112589,16.9,424.6,169.2,101.4,75,0.32,0.878849486,,
30990,13.6,342.6,221.2,101.3,57,0.33,0.351252581,,
51290,16.9,339.4,511.2,101.4,65,0.51,0.086827885,,
50988,16.8,428.2,703.6,101.7,63,0.71,0.692734095,,
70589,19.6,419.1,535.8,101.2,80,0.48,0.92603946,,
112189,17.7,280.2,324.2,101.7,63,0.34,0.102990038,,
81288,20.7,384.5,658.9,101.3,61,0.77,0.622528243,,
82788,21.9,345.8,611.3,100.9,75,0.61,0.850229905,,
92190,21.7,349.9,501.2,101.3,62,0.6,0.123439991,,
40589,27.1,395.9,619.9,101.4,20,1.28,0.047601975,,
12888,16.5,230,315.6,101.7,34,0.43,0.832762547,,
122988,9.1,217.3,308.3,102.3,47,0.28,0.825405754,,
31587,13.5,952.1,413.8,101,57,0.65,0.346210556,,
30188,14.4,424.1,272.6,101.7,81,0.21,0.752785091,,
32087,13.2,411.4,520.6,101.5,60,0.52,0.53491473,,
60388,20,315.2,700.5,101.2,67,0.69,0.927599939,,
52190,18.4,395.4,592.7,101.6,69,0.6,0.702693087,,
82287,20.2,477,604.2,101.6,63,0.71,0.728152131,,
60490,21.2,315.7,720,101,64,0.76,0.800337377,,
52789,16.7,434.1,542.2,101.4,71,0.53,0.371771891,,
60690,19.1,386.8,687.8,101.2,72,0.67,0.216121589,,
91989,17.7,381.3,348.2,101.1,72,0.39,0.138517313,,
122389,16.5,261,253.1,102.1,27,0.5,0.473753137,,
30787,14.7,374,259,101.6,86,0.18,0.023838062,,
71789,19.7,381.7,672,101.5,72,0.67,0.354972966,,
103189,18.5,351.7,358.9,101.4,41,0.6,0.083554545,,
20490,11,360.8,177.1,101.6,62,0.29,0.659400043,,
12887,15.5,362.2,304.4,101.7,77,0.28,0.347245964,,
40787,18,332.5,575,101.4,59,0.61,0.101298016,,
121090,14.9,190,300.3,101.7,28,0.41,0.145395218,,
51189,15.7,629.6,374.1,101.6,61,0.57,0.99028901,,
41088,19.6,343,529.9,101.4,59,0.55,0.819005948,,
12287,12.1,346.2,263.6,101.7,50,0.33,0.512709822,,
100387,25.8,330.3,502.8,101.3,47,0.73,0.597907637,,
82688,23.7,310.7,579,100.9,69,0.62,0.757193786,,
90190,21.1,361.2,550.5,101.2,71,0.58,0.750033141,,
10890,13.2,212.3,289.3,101.9,62,0.22,0.16973217,,
91590,21.6,288.8,463.3,101.2,74,0.44,0.096351557,,
41890,17,363.5,548.2,101.4,73,0.5,0.153283127,,
31788,15.2,362.2,543.8,102.2,60,0.54,0.506286631,,
12488,14.6,272,355.5,102,46,0.41,0.707510857,,
122187,12.1,285.2,286.2,102.1,57,0.27,0.229627934,,
91890,20.5,374.9,448,101.4,62,0.56,0.583487331,,
72687,19.2,320.2,595.5,100.9,75,0.53,0.750738389,,
32889,15.7,316.6,578.6,102,63,0.52,0.199501408,,
42787,16.2,377.6,307.6,101.5,83,0.26,0.828895996,,
52390,18.4,482.9,433,101.1,75,0.46,0.350755481,,
61389,17.3,383.1,509.1,101.2,79,0.42,0.144723716,,
52488,17.1,397.2,546.9,101.3,71,0.52,0.630390711,,
80988,20.2,352.1,561.7,101.2,73,0.55,0.817716931,,
92090,21,423.2,425.5,100.9,58,0.62,0.361718391,,
21888,13.3,427.8,368.7,101.3,63,0.44,0.848805677,,
61789,19,343.9,668.4,101.2,73,0.62,0.530120541,,
31689,14.2,399.5,349.7,101.7,70,0.34,0.018026697,,
12187,11.1,307.5,324.1,102.3,34,0.44,0.110933545,,
122789,16.2,253.3,204.8,101.8,77,0.24,0.300812022,,
70389,20,358.1,699.5,101.2,74,0.67,0.282648291,,
102287,19.8,446.9,184.7,101.3,87,0.21,0.602833567,,
21389,10.1,371.7,271.2,101.6,68,0.24,0.686158269,,
20487,14.7,384.5,384.6,101.6,75,0.32,0.708036386,,
30989,14.9,348.5,467.9,101.9,71,0.38,0.097889367,,
110789,17.2,347.1,335.9,101.4,65,0.38,0.097214563,,
122188,13,432.8,272.1,101.9,68,0.3,0.974905069,,
80490,21.2,478.8,509.9,101.4,75,0.56,0.695789858,,
90289,19.7,420.5,589.4,101.2,74,0.56,0.634499013,,
91688,19.7,309.8,463.7,101.2,69,0.47,0.136660219,,
81990,20.6,407.7,541.4,101.3,68,0.62,0.995227643,,
82387,19.5,423.2,628.6,101.6,69,0.65,0.799258192,,
121190,15.7,220.9,205.6,101.5,50,0.3,0.685558722,,
11388,13.2,280.2,295.2,102.2,45,0.37,0.103618684,,
122790,12,213.2,215.7,101.4,34,0.35,0.548761446,,
112789,16.9,359.4,292.7,101.7,31,0.56,0.980089599,,
82388,21.2,381.3,380.3,101.2,74,0.42,0.309517834,,
70289,19.3,320.2,660.9,101.3,70,0.62,0.47613869,,
40989,17.2,394.5,520.8,101.2,74,0.47,0.932486112,,
50690,22.7,298.8,674.5,100.9,49,0.83,0.26097137,,
123088,9.5,96.1,306.5,102.3,42,0.24,0.179258566,,
71288,20.2,362.6,681.8,101.5,69,0.7,0.619093746,,
20287,13.5,290.2,329.7,101.3,67,0.27,0.44760718,,
20987,16,291.1,211.2,101.4,70,0.25,0.852195201,,
121388,13.4,230,303.1,101.6,62,0.24,0.592748214,,
20887,18,256,259.5,101.4,35,0.49,0.525615274,,
90189,19.5,449.2,572,101.1,74,0.55,0.11728458,,
61489,17.9,370.8,593.8,101,79,0.49,0.153716297,,
71489,20.5,373.5,712.9,101.1,71,0.71,0.897181469,,
71188,19.5,381.3,639.8,101.5,70,0.65,0.989098984,,
122788,9.1,221.4,295.8,102.5,47,0.27,0.145539172,,
10390,11.8,216.4,261,102.2,65,0.22,0.392119952,,
11187,13.7,251.5,320.1,101.8,37,0.4,0.616874307,,
50487,20.4,345.8,707.9,101.2,56,0.78,0.902433163,,
120990,15.2,184,307.3,101.8,31,0.4,0.210795351,,
112989,14.1,328.4,318.5,101.9,27,0.55,0.564845094,,
31087,14.2,343,350.4,101.9,75,0.27,0.43397765,,
92487,20.3,328.4,322.2,101.5,81,0.3,0.597566384,,
90890,24.1,307.5,591.1,101,65,0.67,0.04578854,,
72789,21.3,380.4,623,101.3,73,0.64,0.556727023,,
51687,18.4,376.7,477.6,101.3,73,0.47,0.463841962,,
82487,19.3,374,628.2,101.5,65,0.68,0.519124029,,
120190,13.9,246.9,309.3,101.7,48,0.32,0.313053321,,
62787,18.8,488.3,630.4,101.5,74,0.64,0.357956408,,
42990,16.9,599.9,290.5,101,73,0.42,0.420685886,,
82490,20.8,426.8,376.7,101.4,69,0.51,0.266815649,,
122590,10.1,211.4,235.4,101.8,39,0.32,0.56992066,,
10889,8.6,263.8,300.6,102.8,58,0.25,0.51001107,,
82987,19.8,313,414.1,101.5,76,0.39,0.597116608,,
91490,20.8,324.8,417.1,101.3,81,0.38,0.643309511,,
21987,13.7,378.1,418.7,101.4,36,0.53,0.532407696,,
31390,11.7,352.1,435.3,102.1,48,0.46,0.845187428,,
120789,17.2,227.3,316.9,101.7,24,0.53,0.023091662,,
41889,17.5,411.8,503.4,101.5,72,0.49,0.344166153,,
70188,19.1,334.8,356.5,101,78,0.33,0.622397407,,
60289,16.5,362.2,346,101.6,75,0.34,0.488912413,,
120288,15.1,217.7,295.5,101.9,28,0.41,0.547613844,,
61687,18.6,535.3,717.5,101.4,71,0.76,0.959332357,,
21488,16.4,284.7,414.7,101.6,43,0.45,0.958346151,,
21088,18.5,348,409,101.5,37,0.6,0.070618655,,
111189,17.5,277.4,350.4,101.2,73,0.29,0.578568344,,
30887,14.8,349.4,358.6,101.6,77,0.28,0.186192427,,
41189,16.5,389.5,286.8,101.1,81,0.28,0.770757656,,
10688,13,291.1,286.5,101.9,72,0.22,0.89048893,,
11788,12.8,1089.7,101.1,100.2,80,0.36,0.952562706,,
60489,17.3,445.5,491.9,101.3,64,0.56,0.162657868,,
51788,16.5,432.8,298.6,101.1,77,0.32,0.739880281,,
61990,19.1,384,661.6,101.2,73,0.63,0.175511604,,
110887,16.8,371.3,363.7,101.9,80,0.28,0.991543209,,
10189,11.8,195.4,241.5,101.1,46,0.28,0.251391155,,
31088,14.2,414.1,515.9,101.4,48,0.56,0.046451404,,
120989,15,286.5,304.7,101.6,42,0.4,0.327012742,,
80188,21.6,367.6,380.2,101.3,78,0.42,0.74656931,,
11888,12.9,776.7,293.6,101.1,56,0.56,0.14091364,,
20689,8.7,413.2,321.2,102,19,0.53,0.342862621,,
22387,11.2,579.9,207.9,100.5,68,0.31,0.118302672,,
62390,20.1,444.6,666.6,101.1,73,0.68,0.626693144,,
12088,10.5,245.5,346.5,102.7,37,0.36,0.579077793,,
90187,22.7,430,490.2,101.2,67,0.63,0.174985444,,
71087,18.4,390.9,444.3,101.2,73,0.45,0.185764155,,
60587,19,409.1,511.4,101.1,77,0.48,0.367975858,,
92287,20.6,385.4,256,101.4,87,0.24,0.116297218,,
90988,21.3,373.5,514.2,101.1,70,0.55,0.724067384,,
42288,15.2,400.4,520.3,101.4,69,0.47,0.259449114,,
11087,11.7,245.1,321.4,102,46,0.34,0.282361618,,
120188,16.8,223.2,300.3,101.9,27,0.5,0.130942539,,
60689,18,484.7,478.4,101.5,70,0.53,0.610612654,,
31990,14.6,349.4,440.6,101.7,76,0.31,0.022214626,,
30189,13.6,338.5,379.7,101.5,66,0.34,0.856053544,,
92088,18.6,462.8,295.2,101,69,0.43,0.329543352,,
62889,19.6,550.3,684.9,101.5,71,0.76,0.727277071,,
62189,19.1,430.5,687.2,100.8,78,0.63,0.014940606,,
41190,18.5,294.3,629.8,101.4,65,0.58,0.611798886,,
122390,8.2,296.1,231.6,102.4,29,0.4,0.128769692,,
120487,15.5,539.8,127,101.7,83,0.19,0.076011285,,
92289,20,306.1,460.5,100.7,78,0.41,0.743724566,,
92788,18.7,360.8,515.6,101.6,74,0.46,0.028704983,,
100390,21.6,339.8,493.6,101.2,66,0.55,0.179264645,,
90388,25.7,356.7,566.6,100.7,58,0.78,0.132207405,,
12687,16.5,278.8,349.5,101.9,43,0.42,0.540866453,,
30588,15.3,345.3,363.9,102,77,0.3,0.421447404,,
12090,12.7,220.9,305,101.8,46,0.32,0.029044917,,
110390,16.3,265.1,399.1,101.8,24,0.57,0.742412863,,
112690,14.5,660.5,276.6,101.2,52,0.53,0.083306576,,
92688,19,297.9,463.3,101.8,70,0.45,0.865868223,,
122388,12.2,238.7,249.7,102.2,71,0.19,0.671684508,,
90987,21.9,395.9,505.2,101.4,69,0.58,0.301079512,,
90687,20,395.9,600.4,101.3,73,0.58,0.634382253,,
111389,16.6,300.7,335.1,101.6,68,0.34,0.906086995,,
101389,18.6,338.9,277,101.5,79,0.27,0.706535995,,
81389,23,382.7,665,101.2,70,0.72,0.391256914,,
72690,21.4,351.7,660.6,101.5,66,0.72,0.92999338,,
30389,11.9,594.9,348.1,101,58,0.45,0.833138978,,
72788,20.9,350.3,356.8,101.6,78,0.37,0.81099665,,
101088,20.4,244.6,491.4,101.1,70,0.47,0.060736081,,
22588,16,353.5,369.9,101.5,63,0.39,0.743439401,,
42588,16.4,390.9,682.5,101.5,70,0.6,0.118130406,,
41687,16.5,340.3,554.9,101.4,78,0.43,0.222691276,,
80688,21,405.4,631.6,101.3,69,0.69,0.67582148,,
41487,20,407.3,607.2,101.4,43,0.78,0.690278835,,
52587,16.2,720.7,313.2,101.2,58,0.6,0.065743188,,
91189,19.4,364,424.8,100.9,70,0.46,0.861522272,,
12290,13.6,244.6,307.7,101.5,36,0.41,0.438641431,,
102389,19.5,361.2,348.2,102,73,0.34,0.581238659,,
10789,8.5,205.4,203.3,102.4,58,0.18,0.746580654,,
31389,14.4,335.3,466,101.8,79,0.34,0.954833773,,
81790,21.5,336.6,494.2,101.2,72,0.53,0.112334875,,
41590,17,366.3,514.4,101.4,61,0.56,0.17501092,,
100289,19.7,481.5,427,101.3,61,0.59,0.796555224,,
11789,13.7,255.6,331.9,101.8,28,0.46,0.142526739,,
100588,18.4,321.6,399.9,101.5,77,0.35,0.73059594,,
41989,17.2,358.5,513.2,101.3,74,0.45,0.188520361,,
90489,21.4,456.5,576.8,101.1,69,0.64,0.587615988,,
72988,21.3,348,537,101.4,78,0.52,0.204677066,,
90587,20.6,354.4,579.1,101.3,73,0.57,0.801310309,,
70387,18.3,397.7,617,101.2,72,0.6,0.732741901,,
121490,13.3,242.8,221.7,101.6,64,0.23,0.832280246,,
100290,20.6,310.2,240.1,101,71,0.33,0.071575908,,
62789,19.6,523.9,652.5,101.2,75,0.67,0.708833585,,
112288,14.6,224.1,317.6,101.8,38,0.39,0.15700167,,
22788,17.9,544.4,292.1,101.7,68,0.39,0.11114423,,
11690,12.8,364,167.4,101.6,74,0.22,0.717533406,,
121589,14.1,264.7,172.9,101.6,52,0.31,0.63529386,,
10990,14.7,216.4,291,101.8,56,0.26,0.388433275,,
31487,14.9,495.2,404,101.4,69,0.43,0.227952678,,
30790,14,230.5,448.8,101.6,61,0.36,0.48843348,,
51089,16.4,656.4,483.5,101.6,60,0.67,0.932425076,,
31787,14,273.3,547.8,101.5,62,0.44,0.298233533,,
81690,22.2,429.1,562.7,101.4,67,0.67,0.997974898,,
51388,17.8,347.1,704.1,101.4,78,0.6,0.465502606,,
82888,21.8,405.4,561.8,100.9,76,0.58,0.177989416,,
70487,18,396.3,634.7,101.2,69,0.63,0.587677645,,
122588,11.2,616.8,212.7,101.4,58,0.37,0.415605303,,
20290,12.5,306.1,382.1,102.1,40,0.48,0.254634024,,
42790,17.7,326.2,630.5,101.3,74,0.55,0.600050507,,
90789,20.2,378.6,577.6,101,71,0.57,0.515654918,,
91188,20,355.3,532.3,101,68,0.57,0.418609568,,
90688,24.3,379.5,607.7,100.7,66,0.71,0.604721174,,
61388,16.8,379,599.5,101.2,76,0.52,0.244830393,,
71187,19.4,392.7,660.6,101.3,64,0.72,0.448577171,,
73187,21.4,350.3,693.2,101,70,0.71,0.017963298,,
102890,17.4,329.8,358,101.4,79,0.25,0.22049402,,
82689,20,390.4,492.8,101.1,68,0.56,0.687048417,,
42387,18.1,362.2,605.7,101.5,69,0.58,0.143143589,,
93089,20,329.4,498.9,101.4,73,0.48,0.391878765,,
52389,18.3,500.6,629.8,101.6,65,0.69,0.121240073,,
81787,19.6,459.6,338.3,101.6,74,0.43,0.610578621,,
81490,20.6,338.5,303.7,101.3,81,0.3,0.82269139,,
92987,21.2,408.6,506.9,101.4,76,0.51,0.206945309,,
11290,15.2,320.2,273.7,101.7,72,0.27,0.418777932,,
90689,20.7,409.5,604.6,101,77,0.57,0.101413654,,
81188,20.6,380.8,653.1,101.1,64,0.74,0.60317294,,
102789,16.7,269.7,400.6,101.7,54,0.4,0.717920252,,
62087,17.7,401.8,580.7,101.3,68,0.6,0.284751675,,
60488,17.9,439.6,538.7,101.2,73,0.54,0.71583451,,
112689,15.8,348,134.7,101.7,83,0.21,0.704934274,,
71887,19.2,354.4,670.2,101.4,63,0.71,0.712135893,,
111089,18.8,307,375.8,101.1,26,0.59,0.501575641,,
40890,16.4,427.8,524,101.8,67,0.51,0.024917884,,
50489,17.5,350.3,459.5,101.2,77,0.39,0.350265892,,
11887,10.8,348,314.4,102.3,53,0.35,0.522698479,,
10887,12,302.9,303.6,102.3,61,0.28,0.151223281,,
111589,17.4,293.4,323.8,101.6,59,0.38,0.064893016,,
100789,19.6,416.8,457.4,101.5,78,0.42,0.290374667,,
70390,21,400,719.4,101.1,70,0.75,0.407305977,,
41787,15.2,319.3,294.7,101.2,75,0.27,0.991670065,,
80387,22.5,357.1,618.5,101,72,0.65,0.721614646,,
61790,18,333.5,324.8,101.4,74,0.34,0.566246879,,
80190,20.5,374.5,681.9,101.2,68,0.73,0.265841795,,
80588,21.1,400.4,462.9,101.2,77,0.48,0.504057473,,
30187,12.6,316.1,440.9,101.6,73,0.32,0.011049131,,
20187,14.3,262.8,359.7,101.6,60,0.32,0.199390695,,
112988,15.8,195.4,332.3,102.1,41,0.39,0.155371259,,
112290,15.7,252.4,335.2,101.9,51,0.38,0.997486395,,
122890,12.6,305.2,277.9,101,55,0.35,0.026206304,,
70388,18.7,352.1,638.7,101.1,73,0.6,0.049200632,,
121389,12.7,265.6,172.1,101.6,31,0.38,0.198841145,,
32189,19,351.2,538.3,101.7,26,0.78,0.23047486,,
111488,15.1,551.2,218.4,101.6,75,0.3,0.121818437,,
70889,20.4,366.7,632,101.4,73,0.64,0.087897852,,
52388,17.4,385.4,514.4,101.1,80,0.43,0.223400772,,
82188,20,414.5,525.5,100.9,71,0.56,0.622323232,,
32190,18.2,262.8,542.7,101.5,50,0.53,0.567887221,,
61788,17.4,379,375.9,101.1,70,0.4,0.972776395,,
113090,14.3,174.9,228.5,101.7,48,0.27,0.776989129,,
32387,12.7,384.9,469.5,101.6,65,0.41,0.727308409,,
,,,,,,,,,
10787,13.3,404.5,246,101.8,69,0.28,0.380528192,,
32390,14.6,336.6,494.8,101.5,74,0.38,0.062399978,,
101590,19.6,308.9,306.4,101.2,74,0.33,0.69356192,,
61689,18.3,361.2,592.9,101.3,75,0.53,0.43917925,,
40488,16,378.1,553.7,101.4,68,0.52,0.758295751,,
81387,19.3,416.8,284.8,101.2,82,0.3,0.954006363,,
11590,12.7,304.8,125.7,101.7,78,0.16,0.730680533,,
52690,17.3,374.5,654.6,101.5,63,0.67,0.224045463,,
32887,15.2,313,572.1,101.4,65,0.49,0.205090526,,
10988,12.6,275.1,309.1,102.1,73,0.21,0.455753935,,
51087,17.5,337.1,348.1,101.1,83,0.28,0.800249404,,
20190,13.8,659.2,302.1,101.4,62,0.51,0.089267697,,
112387,15.7,277.4,323.3,101.4,72,0.27,0.821349104,,
72387,19.3,468.3,659.6,101.2,71,0.69,0.185501053,,
50889,17.7,438.7,559.8,101.2,74,0.53,0.4881811,,
31690,17.6,298.4,401.3,101.8,27,0.63,0.172402125,,
113088,16.2,184,332.2,102,29,0.46,0.005286843,,
72989,21.7,374.5,641.8,101.2,71,0.67,0.077134408,,
10488,14.5,178.1,238.9,101.9,46,0.29,0.326378314,,
53089,17.2,404.5,653.7,101.5,64,0.67,0.288737259,,
22088,15.3,306.1,430.1,102.1,29,0.61,0.428235454,,
92587,19.3,347.6,375.6,101.4,80,0.34,0.951602836,,
62490,21.5,445.1,727.8,101.2,68,0.83,0.133219843,,
121988,12.9,281.1,216.4,101.8,72,0.21,0.614939486,,
30690,12.8,346.2,502.6,101.8,53,0.5,0.686157239,,
63089,19.6,405,722.1,101.4,71,0.73,0.14570935,,
111688,14.2,266.9,350.5,101.9,57,0.31,0.414607639,,
11287,14.3,266.5,319.3,101.7,36,0.46,0.366164019,,
80489,22.1,388.1,671.5,101.3,67,0.75,0.814626764,,
20489,12.5,622.3,161,101.7,90,0.19,0.24522708,,
10687,12.8,380.8,216.6,101.9,67,0.24,0.047539302,,
71687,18,467.8,329,101.1,78,0.35,0.24107262,,
12689,12.4,258.7,344.6,101.7,40,0.39,0.39940293,,
121387,10.2,711.6,309.1,101.1,16,0.78,0.576879677,,
52088,19.3,425,679.7,101.2,73,0.66,0.876470809,,
82187,20.3,388.1,637.9,101.5,69,0.66,0.295489812,,
121890,12.7,346.7,304,101.8,56,0.35,0.916848878,,
61087,17,332.5,328.4,101.1,81,0.28,0.697041613,,
121889,13,224.1,139.8,101.3,60,0.23,0.175001325,,
11688,13.1,307.5,218.4,101.6,71,0.23,0.137768945,,
120889,17,230.5,275.7,101.8,19,0.52,0.869780039,,
31289,15.3,324.8,425.1,101.9,83,0.28,0.468129389,,
110589,16.7,333.9,342.2,101.5,71,0.33,0.007760239,,
121990,13.9,705.6,195.5,101,71,0.37,0.448638759,,
70890,18.9,378.1,523.7,101.3,72,0.53,0.587794404,,
33190,14.6,327.5,378.9,101.4,70,0.34,0.350263306,,
30289,13.2,653.7,172.3,101.1,84,0.22,0.69895919,,
111489,16.7,349.9,313.2,101.5,65,0.35,0.570446209,,
60687,18.1,506.6,361.8,101.3,79,0.38,0.841458946,,
101289,18.6,425.9,276.8,101.5,77,0.31,0.15296337,,
40888,17.1,342.1,589.4,101.2,75,0.49,0.316398894,,
50990,16.8,369.4,604.3,101.5,63,0.62,0.600270823,,
21290,14.7,340.7,316.1,101.4,71,0.29,0.439847961,,
31890,14.9,340.7,538.4,101.5,64,0.44,0.147932784,,
20388,13.3,266,253.7,101.9,74,0.21,0.556279127,,
82088,19.2,361.7,319.7,100.7,78,0.33,0.258317544,,
61190,19.8,398.1,452.9,101.4,83,0.41,0.630437084,,
102889,16.2,272,377.5,101.5,56,0.37,0.138886583,,
111487,17,449.2,314.4,101.3,69,0.36,0.153541547,,
121390,14.6,282.4,191.4,101.7,57,0.3,0.858431176,,
110687,16.7,326.6,309.9,101.9,74,0.28,0.633816535,,
92188,19,342.1,497.7,101.5,57,0.59,0.184938582,,
101990,19.6,435,288,101.1,69,0.38,0.236755021,,
41888,15.8,431.9,411.6,101.8,78,0.37,0.973868744,,
41290,18.1,356.7,589.9,101.1,70,0.53,0.756918049,,
32187,12.8,629.1,333.7,101.3,65,0.46,0.019102549,,
82489,20.3,378.6,582.5,101.1,67,0.64,0.81771961,,
12889,11.4,277,273.9,102,68,0.22,0.497396149,,
120289,20.4,445.5,324,102.1,10,0.94,0.480525278,,
33089,16.9,374,561.5,101.7,73,0.49,0.309141941,,
120587,15.3,238.7,184.4,101.8,73,0.17,0.951315258,,
41388,17.6,408.6,416.9,101.2,74,0.4,0.272556523,,
81987,20,434.1,597.6,101.4,71,0.63,0.250081454,,
52990,16.8,404.1,605.2,101.5,67,0.61,0.097347446,,
60890,20.1,331.6,504.6,101,79,0.47,0.995816432,,
81587,19.7,432.3,529.5,101.4,64,0.64,0.166263349,,
110188,17.6,381.3,161,101.7,83,0.18,0.488131997,,
13189,14,227.8,345.6,101.6,34,0.41,0.06512704,,
30587,17.7,451.4,214.4,101.5,52,0.48,0.865719036,,
110889,16.4,306.1,341.8,101.4,69,0.29,0.322777814,,
41587,18.7,355.3,580.9,101.4,61,0.6,0.113828448,,
12588,15.7,215.5,323.7,102,38,0.43,0.190477316,,
102989,17.7,304.3,398.7,101.7,34,0.59,0.368767451,,
123190,11.2,204.1,290.8,102.1,40,0.32,0.572593617,,
62788,18.3,438.7,603.8,100.9,83,0.49,0.761431067,,
102790,17.4,343,416.6,101.4,71,0.33,0.411328412,,
110588,16.7,194.5,251,101.3,88,0.14,0.026968846,,
10588,13.4,415.9,128.7,101.7,82,0.18,0.324709151,,
52889,16.9,406.3,560.2,101.4,68,0.57,0.041253772,,
81187,21.4,375.8,646.9,101.3,71,0.7,0.917481769,,
32690,14.9,370.4,294.8,101.5,76,0.28,0.68386702,,
91289,19.8,348.9,512.2,101,66,0.55,0.985571548,,
83090,21,375.4,567.8,101.2,76,0.55,0.450687112,,
12388,12.6,245.5,354.3,102.1,33,0.42,0.815516893,,
31789,14.8,475.6,547.4,101.8,67,0.52,0.251991277,,
31189,15.3,483.8,410,102,78,0.34,0.40611382,,
10590,12.3,260.1,302.2,102.2,40,0.37,0.288964996,,
42589,14.9,461,611.2,101.6,51,0.71,0.483028993,,
72489,20.6,482.4,513.3,101.4,75,0.55,0.507186565,,
100990,23.7,323.9,509.2,101.6,13,1.03,0.912681403,,
101890,19.8,327.1,265.6,101.4,77,0.3,0.654967844,,
100589,19.6,353,440.2,101.3,74,0.45,0.235168187,,
12987,13.8,291.5,325.3,101.7,71,0.26,0.602231681,,
92288,18.5,297,537.9,101.6,65,0.53,0.177376647,,
22890,13.6,388.6,388.1,102,74,0.36,0.94674935,,
41690,17.1,648.2,425.8,101.1,63,0.58,0.308308288,,
71788,21,333.5,574.1,101.4,80,0.52,0.823402041,,
51090,16.7,538,375.1,101.4,54,0.6,0.747864091,,
42889,16.7,341.2,607.4,101.4,61,0.58,0.214271436,,
82789,20.4,454.2,600.4,101.3,67,0.68,0.1524714,,
60888,17,425,681.6,101.6,59,0.72,0.298878782,,
12387,13.2,247.4,239.6,101.4,72,0.18,0.551473591,,
20988,16,283.3,384.3,101.8,47,0.44,0.343371424,,
101987,19.6,437.3,388.5,101.4,67,0.46,0.060651805,,
22388,13.8,366.7,384.5,101.6,73,0.32,0.187136608,,
111990,16.5,462.8,152.8,101.1,72,0.26,0.589506821,,
50588,14.5,596.8,562,101.8,55,0.69,0.584059374,,
73189,21.3,378.1,658.8,101.1,70,0.69,0.722450247,,
112389,16.3,313.4,264.2,101.5,74,0.26,0.578750393,,
91587,19.8,320.2,555,101.4,74,0.51,0.749242569,,
121488,13.2,364,185.7,101.6,76,0.2,0.35009814,,
72189,21.4,363.5,486.8,101.1,79,0.46,0.027629725,,
21789,12.3,318,413.4,102.1,65,0.31,0.925513711,,
32789,14.1,376.7,552.2,101.7,63,0.51,0.283047088,,
102588,18.5,414.5,380.1,101.3,74,0.39,0.863774583,,
100690,20.4,376.7,413.2,101.3,70,0.48,0.471399137,,
92689,22.2,329.8,456.6,101.2,74,0.46,0.363290705,,
21687,14.3,442.8,424.4,101.6,55,0.5,0.771535758,,
42389,16.5,512.5,603.3,101.4,62,0.69,0.81448715,,
110488,17.8,220.9,384.9,101.3,74,0.29,0.517132053,,
102988,17.4,359.4,281.7,101.7,64,0.35,0.790449839,,
123087,10.4,327.5,228.4,102.3,60,0.26,0.589653135,,
112190,14.7,342.1,302.4,101.8,60,0.34,0.44494903,,
31589,14.1,377.6,479.2,101.4,77,0.35,0.515477581,,
70290,21.6,386.3,692.6,101.1,71,0.73,0.524243303,,
82488,23.1,331.6,538.6,101.3,67,0.61,0.867304108,,
51188,20.2,339.4,690.2,101.5,64,0.72,0.809398869,,
82988,21.9,472.4,577.4,100.8,78,0.59,0.852929159,,
22888,16.5,379.9,319,101.9,85,0.23,0.002948863,,
71588,20.1,330.3,435.6,101.2,73,0.44,0.827311537,,
31888,16.5,281.5,571.1,102.2,42,0.65,0.171571555,,
30987,14.8,305.7,253.5,101.7,75,0.22,0.612286274,,
21189,11.4,267.4,339.3,102.3,73,0.24,0.981289727,,
80790,23,371.7,490.6,101.3,75,0.53,0.501722049,,
120590,15.5,242.3,222.9,101.8,32,0.4,0.767396503,,
31090,14,433.7,293.9,101.4,61,0.39,0.814345104,,
70588,19.9,378.6,685.4,101.2,69,0.71,0.791697736,,
51588,16.2,344.4,473.2,101.4,84,0.33,0.47321417,,
72887,19.6,370.4,618.9,101,73,0.6,0.29441133,,
71790,23.1,466.5,695.2,101.4,72,0.8,0.032910789,,
91687,19.7,343.9,467,101.1,71,0.47,0.171823656,,
40987,19.7,305.7,627.3,101.5,34,0.78,0.892649433,,
112587,15.2,322.1,245.8,101.3,65,0.3,0.030426856,,
72088,21.9,390.4,562.4,101.5,73,0.6,0.710700324,,
101287,20,392.2,214.1,101.4,88,0.2,0.61101111,,
30889,13.9,402.2,434.3,101.4,82,0.28,0.044639287,,
120689,14.7,324.8,318,101.3,36,0.44,0.645557746,,
111889,19.3,314.8,350.6,101.3,42,0.56,0.020057694,,
40688,19.4,388.1,609.5,101.4,62,0.67,0.755087993,,
42689,15.2,487,617.2,101.9,61,0.65,0.417695193,,
100688,18.6,375.8,342.1,101.6,72,0.38,0.698257878,,
91489,23.7,409.5,535.8,101.1,51,0.77,0.953447637,,
11390,15.6,493.4,147.7,101.8,85,0.17,0.429095145,,
12890,14.9,280.6,360.1,101.9,24,0.58,0.851204551,,
52688,18.1,400.9,681.6,101.5,70,0.68,0.439860031,,
112388,14.4,274.7,257.6,101.7,79,0.17,0.23295001,,
53088,16.7,399.5,665.7,101.2,63,0.68,0.20031392,,
42090,16.8,387.2,342.9,101.6,74,0.35,0.427892674,,
51689,17.1,366.7,531.2,101.2,68,0.53,0.585662065,,
22188,15.5,301.6,394.9,101.8,39,0.49,0.554391979,,
80789,22.1,465.1,578.2,101.2,74,0.65,0.764313287,,
92588,19,432.8,507.2,101.7,69,0.54,0.358915168,,
41287,16,436,542.1,101.2,65,0.55,0.791024623,,
112687,14.2,255.6,320.6,101.7,36,0.41,0.637271156,,
32587,14.7,236.9,587.7,101.3,55,0.54,0.756055856,,
101190,19.4,296.1,472.3,101.3,58,0.55,0.469210557,,
70789,20,400.9,583.2,101.5,77,0.56,0.668046942,,
62990,19,531.6,508.4,101.1,78,0.5,0.163156308,,
80990,22.4,421.4,522.5,101.3,73,0.59,0.353857429,,
120687,14.6,256.5,271,102.1,72,0.23,0.814183526,,
32388,16.2,319.3,560,101.7,72,0.46,0.822440562,,
122088,13.3,284.7,245.2,102,68,0.22,0.731381356,,
13188,13.2,302,238.6,101.5,67,0.26,0.842656939,,
101690,20.1,380.4,337.8,101.1,70,0.41,0.707177621,,
21890,11.8,505.7,171.7,101.8,67,0.31,0.641471772,,
52788,17.6,375.4,620.3,101.3,66,0.64,0.980203701,,
103188,17.7,274.2,343.3,101.4,79,0.26,0.7223083,,
11288,13.1,306.6,313.2,101.8,64,0.33,0.250684315,,
10888,12.2,263.8,279.8,102.1,70,0.21,0.24688107,,
93087,22,379,433,101.2,77,0.45,0.642905509,,
80788,20.9,373.1,678.6,101.3,65,0.75,0.72211102,,
81889,20.9,374,626.2,101.4,65,0.72,0.670224913,,
110890,16.9,252.4,381.1,102,32,0.51,0.880806763,,
40290,16.1,376.7,549.9,101.7,69,0.5,0.580314498,,
81590,21.2,381.7,433.1,101.3,72,0.49,0.969510088,,
102288,18,300.2,195.2,101.3,86,0.15,0.09914161,,
52387,17.5,528,539.3,101.6,62,0.66,0.462333776,,
61988,17.4,370.8,339.4,101.2,77,0.34,0.783192146,,
50887,18.2,371.3,442,101.2,77,0.4,0.334237125,,
122688,9.3,277,275.8,102,60,0.26,0.37437242,,
51490,17.1,405.9,392.7,101.3,63,0.48,0.203785609,,
13187,13.6,292.5,362.3,101.7,70,0.3,0.489857053,,
53190,17.3,465.1,591.6,101.5,65,0.64,0.502910731,,
60287,18.2,342.1,700.4,101.4,72,0.64,0.659573699,,
112688,14.5,295.6,240.6,101.4,79,0.18,0.78195145,,
70888,20.1,389,690.2,101.3,74,0.67,0.833474404,,
72888,21.6,348,545,101.5,76,0.55,0.205001983,,
22289,18.6,308.9,355.5,102,26,0.63,0.867834425,,
51589,16,387.2,299.1,101,67,0.38,0.397456301,,
12288,14.9,547.1,336.4,102.5,21,0.83,0.502126154,,
90590,23.6,319.3,589.1,101.4,71,0.62,0.740839345,,
20387,13.8,306.1,227.9,101.3,77,0.18,0.462900807,,
122090,11,800.8,162.4,101.2,66,0.43,0.935336141,,
50787,17.6,354.9,323,101.2,80,0.29,0.911579898,,
61987,18.2,377.6,659.9,101.4,67,0.66,0.057537781,,
11090,14.5,233.7,269.8,101.8,79,0.18,0.80871197,,
31187,15.7,436.4,494.4,102.1,70,0.46,0.959818398,,
11189,13.7,385.8,308.9,102,49,0.45,0.859334603,,
51887,17.4,420.5,533.1,101.3,62,0.61,0.356460799,,
100890,21.1,350.3,471.5,101.5,56,0.64,0.502500536,,
20989,13.2,306.1,151,102.3,88,0.17,0.593310835,,
81789,20.6,383.6,613.9,101,65,0.69,0.219687357,,
71189,20.1,406.8,483.6,101.6,72,0.52,0.186705537,,
12589,12.1,313.9,326.3,101.6,74,0.23,0.210807775,,
42487,17.5,322.5,631.9,101.4,67,0.58,0.648364644,,
61189,17.5,432.8,353.3,101.5,79,0.35,0.238022531,,
10587,13.9,664.2,234.4,101.4,66,0.4,0.970849429,,
62790,26,351.2,735.6,100.8,41,1.14,0.040018404,,
123187,10.7,248.7,244.3,102.2,47,0.28,0.943785205,,
103090,18,256.5,286.2,101.6,81,0.21,0.28091527,,
50388,17.7,287.9,715.2,101.3,50,0.76,0.204033023,,
101090,22.8,225,487.8,101.1,19,0.82,0.006313739,,
91888,19,313,447.1,101.1,69,0.44,0.572642857,,
50190,16,389.5,646.5,101.1,62,0.64,0.426438468,,
21489,10.3,338,426.5,101.9,63,0.33,0.757803069,,
100389,18.9,399.1,467,101.3,56,0.6,0.193644201,,
120189,14.1,266,328.1,102.1,30,0.48,0.627119753,,
111290,20.6,282.4,305,101.7,35,0.53,0.699882803,,
92189,22.1,343.5,562,100.8,54,0.68,0.430175284,,
110387,16.3,344.4,391.1,101.4,60,0.43,0.046531002,,
12487,13.1,305.2,328.6,101.9,72,0.23,0.381273231,,
120390,16.1,244.2,302.5,102.1,26,0.51,0.117305752,,
92488,19.4,360.8,348.3,101.5,70,0.39,0.493818955,,
121189,14.1,315.2,298.8,102,37,0.48,0.579650215,,
102188,18.7,394,247.1,101.4,85,0.22,0.049719711,,
83089,19.9,323.9,585.3,100.9,70,0.57,0.549354684,,
72488,22.9,490.6,647.5,101.5,74,0.72,0.184204534,,
11289,12.5,495.6,327.9,102.5,20,0.68,0.392766565,,
122089,13.4,326.2,301,102.1,59,0.32,0.880019907,,
10289,13,260.1,299.1,101.6,40,0.4,0.826369348,,
10389,14,195,165.6,101.6,41,0.29,0.250785269,,
112487,15.6,260.6,338.1,101.8,59,0.31,0.980769378,,
61587,18.6,502.9,717.8,101.5,66,0.79,0.235783992,,
32090,17,306.1,311.7,101.6,65,0.31,0.828133932,,
121588,14.4,650.5,100.4,101.4,84,0.19,0.818224101,,
101290,19.2,354,463,101.3,71,0.42,0.431857989,,
12788,15.8,238.7,230.8,101.7,36,0.37,0.550480544,,
71587,18.5,359,318.1,101.1,80,0.3,0.299273724,,
100490,22.2,369.4,510.7,101.5,68,0.55,0.734841906,,
21690,9.7,358.5,422.9,102.1,42,0.46,0.087853235,,
12189,17.5,275.6,146.1,101.3,32,0.43,0.456875039,,
11589,10.5,285.2,321.9,102.4,59,0.29,0.166410417,,
52987,17.2,368.1,375.9,101.4,69,0.41,0.027164642,,
101187,20.1,298.4,162.3,101.7,83,0.18,0.862389756,,
21887,13.4,317.1,393.1,101.3,59,0.4,0.528801399,,
11790,10.8,416.4,204.2,101.2,61,0.3,0.791242973,,
32888,17.8,436.9,574.2,101.3,72,0.54,0.073850741,,
60990,20.9,342.6,401.1,101,82,0.38,0.968245835,,
53189,16.9,380.8,557,101.4,75,0.49,0.502883866,,
111689,18.7,272.4,334.1,101.2,22,0.64,0.032945209,,
93088,18.3,248.3,495.4,101.3,81,0.36,0.653600063,,
62489,19.3,409.1,460.1,101.4,63,0.56,0.880552527,,
31290,12.3,631.4,449.8,101.8,51,0.61,0.996475394,,
110990,19.5,289.3,362.8,101.7,38,0.58,0.032784253,,
100489,18.5,405.4,491.2,101,67,0.52,0.238962393,,
111188,16.1,308.4,211.8,101.6,78,0.2,0.117255513,,
52887,16.8,380.8,336.1,101.5,68,0.38,0.390900749,,
121187,14.5,251,290.3,101.3,76,0.19,0.716743345,,
82889,19.7,456.5,538,101.3,74,0.55,0.136118048,,
82087,20.2,345.3,613.4,101.4,70,0.61,0.318100562,,
60487,18.7,412.3,528,101.3,75,0.49,0.856333609,,
30288,13.7,376.3,466.7,101.4,70,0.37,0.693848565,,
22090,11.2,307.5,406.7,102.3,52,0.38,0.626640986,,
122889,14,331.2,161.2,101.4,67,0.23,0.804301458,,
111687,15.3,277.9,305,101.7,65,0.29,0.864160628,,
40388,16.6,271,618.8,101.3,54,0.62,0.434537025,,
123188,10.7,228.9,184.8,101.6,60,0.22,0.75845415,,
70690,20.9,364.9,691.3,101,73,0.7,0.813086604,,
100189,19.1,382.2,454.2,101.2,68,0.5,0.516937497,,
50789,17.9,431.9,614.5,101.6,75,0.57,0.877894592,,
50389,17.3,369,612.9,101.4,74,0.52,0.538389463,,
110787,16.2,295.2,321,101.9,73,0.27,0.825889505,,
50790,17.4,415.9,480.2,101,77,0.42,0.485031923,,
102587,20.6,328.4,246.4,101.9,64,0.36,0.2673548,,
30190,14.1,329.8,252.6,101.9,66,0.3,0.796214181,,
91090,23.8,463.3,581.9,101,69,0.73,0.138152047,,
72289,21.6,398.1,650.4,101.4,73,0.69,0.449626865,,
92787,19.4,329.4,464.7,101.3,73,0.46,0.402018417,,
43090,14.8,492.4,347.9,101.1,55,0.5,0.132356144,,
42488,15.2,407.3,637.6,102,61,0.6,0.911226271,,
71888,21,372.6,573.8,101.4,75,0.58,0.479183836,,
63090,21.3,343,627.8,101.3,70,0.65,0.927085939,,
112790,13.4,315.2,325.5,101.8,46,0.4,0.895943983,,
22187,13.2,353,467,101.7,41,0.52,0.230011054,,
72587,18.9,332.1,623.3,101,73,0.57,0.050431775,,
12990,13.4,244.6,356.6,101.4,41,0.4,0.027523728,,
70590,21.8,380.8,696.2,101.2,66,0.77,0.37553652,,
53187,18.1,317.5,696.6,101.2,73,0.63,0.939732655,,
111287,18.3,216.4,362.8,101.7,51,0.39,0.392325881,,
80487,21.8,347.6,667.1,101,71,0.69,0.441798083,,
102290,20.7,227.3,433.7,101.2,23,0.7,0.739620548,,
101490,19.4,363.5,388.7,101.2,70,0.42,0.6893543,,
21287,15.9,448.7,263.3,102.1,78,0.26,0.964043336,,
102590,19.9,306.1,403.1,101.5,54,0.5,0.944542371,,
12790,14.4,225,312,101.5,42,0.36,0.279998523,,
30489,11.9,347.1,439.1,101.9,46,0.45,0.608461787,,
41688,15.8,404.5,526.1,101.6,66,0.51,0.683824449,,
110587,15.8,392.7,214.7,101.4,76,0.22,0.337099303,,
22688,16.6,354.9,282.9,101.4,70,0.32,0.730540402,,
40289,16.8,343.9,571.6,101.6,66,0.52,0.42445555,,
71290,23.5,350.3,596.1,101.3,67,0.67,0.533344305,,
121088,14.3,166.7,309.8,101.7,54,0.3,0.079866331,,
120490,15.3,258.3,317.2,102.1,30,0.5,0.455061541,,
20587,17,285.2,375.6,101.9,38,0.51,0.017026125,,
70689,19.3,480.1,602.4,101.3,80,0.54,0.916747572,,
90690,24.3,409.5,604,101.4,67,0.73,0.562676789,,
22789,14.7,310.2,392,101.1,74,0.3,0.385103238,,
82687,19.3,362.2,496.8,101.6,68,0.53,0.457879504,,
12590,17.5,250.5,357.6,101.8,17,0.65,0.444162029,,
32287,12.7,637.3,456.1,101.5,54,0.6,0.833550326,,
110788,16.3,369.4,153.9,101.5,82,0.19,0.54368837,,
12390,14.8,261.5,350.8,101.6,35,0.48,0.334983535,,
11990,11.4,238.2,298.5,101.7,61,0.26,0.514045322,,
111588,13.7,277,327.7,102.1,65,0.29,0.428197611,,
30988,13.9,339.4,359.8,102.1,81,0.24,0.183831256,,
13190,13.2,389,321.3,100.8,62,0.35,0.033517358,,
50888,15.5,509.8,660.6,101.9,66,0.64,0.019586094,,
31490,12.6,311.6,504.2,102,48,0.5,0.17640458,,
101388,18.1,329.4,326.6,101.8,72,0.34,0.212958243,,
100687,19.4,338.9,391.3,101.3,79,0.33,0.669074432,,
22687,11.1,439.1,370.9,101.2,58,0.38,0.776045546,,
103190,18.5,283.3,340.2,101.6,72,0.32,0.829354609,,
21089,13.4,391.3,314.9,102.6,84,0.2,0.695906939,,
10788,11.3,281.5,218.8,102,78,0.14,0.281403939,,
80389,21.5,369,652.6,101.2,70,0.7,0.344650032,,
90790,24.4,383.1,591.5,101.2,58,0.77,0.139916639,,
121087,16,200,284.2,101.8,61,0.25,0.836515769,,
91588,19.7,331.6,477.3,101.2,73,0.46,0.087567859,,
50490,18.6,422.3,665.7,101.4,75,0.63,0.211122473,,
83188,21,400.4,515.9,100.6,80,0.48,0.46954286,,
30788,15.2,372.2,430.9,101.6,66,0.42,0.096409893,,
40689,27.3,303.8,632.9,101.4,19,1.19,0.246544473,,
70587,17.8,373.5,601.2,101.3,71,0.58,0.689835774,,
21390,13.4,554.4,208,101.3,63,0.41,0.46513735,,
61888,17.4,359.9,461.1,101,73,0.44,0.709750925,,
122888,9.4,236.9,247.8,102,66,0.2,0.82110312,,
21490,9.6,757.1,329.8,101.2,33,0.75,0.838798635,,
22889,14.4,415,375,101.2,72,0.35,0.48340818,,
31287,15.1,435,269.5,101.9,80,0.28,0.874384533,,
41589,17.2,460.1,451.8,101.4,73,0.45,0.646315962,,
81489,21.8,381.3,661,101.1,72,0.69,0.116538126,,
101089,19.2,416.4,385.1,101.5,74,0.39,0.320832265,,
112787,13.7,249.6,337.5,101.5,38,0.41,0.589909608,,
122287,12.8,387.2,275.1,101.6,69,0.27,0.148710687,,
62890,21.1,342.6,728.1,100.7,71,0.75,0.607470546,,
80787,21.1,361.2,595.8,101.1,73,0.61,0.192902589,,
61590,17.6,425.5,635.3,101.5,56,0.74,0.077034634,,
91889,19.5,406.8,479.8,101.1,65,0.54,0.368418112,,
91087,21,320.7,424.8,101.3,74,0.43,0.784587459,,
61890,18.6,436.9,639.3,101.5,72,0.63,0.346291956,,
102087,18.7,324.8,325.6,101.5,71,0.34,0.649055603,,
82190,21.1,400,639.3,101.6,67,0.7,0.931547065,,
80290,20.8,390.4,628.8,101.4,65,0.72,0.68038532,,
121288,13.9,152.2,300.8,102,49,0.27,0.698668375,,
81090,22.2,425.9,434.6,101.3,78,0.47,0.23191302,,
60787,18.4,387.2,336.8,101.3,76,0.36,0.667367936,,
61290,18.1,417.7,634.7,101.4,72,0.63,0.134641292,,
62488,18.6,402.2,650,101.2,67,0.68,0.641780489,,
92889,22.1,400,530,101.2,64,0.61,0.733441096,,
10987,12.5,334.8,269.1,102.3,47,0.36,0.551094715,,
42490,16.3,502.5,478,101.1,69,0.53,0.039465309,,
22288,13.8,280.2,368.5,101.4,75,0.27,0.986899163,,
60989,16.6,398.6,294.9,101.1,82,0.27,0.147315052,,
91987,20.2,419.1,508.2,101.3,74,0.5,0.695791318,,
40489,23.6,320.2,611.7,101.4,42,0.89,0.161348576,,
33188,17.4,404.1,561.5,101.2,38,0.71,0.359333699,,
80589,22.7,395.9,616.5,101.4,68,0.7,0.31182511,,
82288,20.6,470.6,563,101.2,71,0.62,0.186833766,,
60987,17.5,333.9,334.4,101.1,83,0.28,0.81766185,,
42989,17.3,353.5,617.1,101.4,67,0.57,0.850341157,,
30890,13.9,345.8,326.6,101.3,63,0.36,0.173471042,,
120287,15,340.3,300,101.8,72,0.25,0.123541028,,
51389,16.1,477.4,368.9,101.3,67,0.47,0.184161806,,
40587,14.8,335.7,572.2,101.7,68,0.48,0.740812209,,
41090,17.8,286.1,546.9,101.9,69,0.48,0.37225592,,
30388,14.1,355.3,405.9,101.7,77,0.29,0.522326211,,
70687,18.2,381.3,583.4,101.3,69,0.58,0.893622429,,
82790,21.5,479.2,644.3,101.5,64,0.8,0.929094757,,
100488,18.6,287.9,299.3,101.4,84,0.23,0.336531445,,
110689,17.5,371.7,310.1,101.6,61,0.4,0.956500117,,
80887,21.5,371.3,610.7,101.2,72,0.65,0.261520137,,
10589,12.8,409.1,188.3,102.2,81,0.14,0.949807898,,
72990,21.4,428.7,640.6,101.3,71,0.68,0.623040818,,
42390,16.4,516.1,359.3,101.2,74,0.37,0.80484303,,
52289,17.8,391.3,620.7,101.5,69,0.58,0.264372498,,
102390,20.6,253.7,441.3,101.2,35,0.69,0.608287517,,
60189,16.3,390.4,369.3,101.6,75,0.35,0.473193044,,
91287,19.2,575.3,258,101.1,68,0.45,0.421677391,,
91790,19.9,387.7,470.6,101.2,68,0.53,0.685687692,,
91789,19.8,422.7,313.7,101.1,77,0.35,0.110066777,,
50390,17,372.2,688.6,101.4,66,0.67,0.151172117,,
91190,23.7,458.3,578.2,101,62,0.79,0.461104417,,
122488,11.8,447.8,175.4,101.8,74,0.19,0.384712663,,
91690,20.2,336.2,490.5,101,72,0.5,0.170043124,,
101789,17.6,343.9,397.2,101.3,83,0.3,0.29843264,,
91589,23.1,292.9,254.9,101.1,66,0.38,0.615151924,,
21788,15.1,524.3,447.5,101.8,20,0.76,0.177098142,,
40490,17.1,395.9,504.9,101.3,83,0.41,0.181894615,,
101188,18.8,299.3,370.2,101.4,85,0.27,0.705928793,,
50189,16.9,430.9,608.9,101.6,74,0.54,0.408300524,,
52490,17.9,416.4,623.3,101.2,66,0.62,0.570432179,,
32389,14.6,441,391.6,101.5,71,0.38,0.651603167,,
111090,21.2,233.2,337.5,101.5,28,0.57,0.953794777,,
10989,9.8,278.8,313.8,102.4,43,0.33,0.805928165,,
43087,17.5,433.7,577.7,101.6,64,0.62,0.422847923,,
43089,17.5,451,638.1,101.6,64,0.67,0.126155442,,
33090,14.1,337.6,298.7,101.3,68,0.31,0.084841141,,
100887,19.4,357.1,409.7,101.3,71,0.44,0.881575262,,
80987,21.6,425.5,611.8,101.2,72,0.67,0.479583724,,
82787,19.6,405,484.7,101.5,76,0.48,0.704558646,,
12688,16.2,281.5,281.3,101.8,32,0.47,0.267616279,,
50587,19,390.4,684.9,101.2,77,0.62,0.436239864,,
80488,21.5,378.1,501,101.4,75,0.53,0.729114382,,
72389,21.7,497.9,699.6,101.6,75,0.76,0.410480136,,
22787,12.1,291.5,460.3,101.9,61,0.39,0.39967764,,
81189,22.2,435,655.5,101.4,76,0.69,0.434676246,,
91389,20.5,372.6,544.5,101.2,73,0.54,0.41593319,,
110989,17.5,304.8,374.5,101.5,36,0.52,0.264667501,,
21289,11.2,345.3,297.1,101.8,64,0.29,0.059812229,,
101087,18.9,372.2,419.2,101.5,73,0.4,0.219390693,,
41489,17.7,415.5,440.7,101.6,73,0.45,0.086083533,,
11890,10.2,302.9,272.2,101.5,59,0.28,0.045524607,,
11190,15,279.7,274,101.7,68,0.24,0.23997065,,
62187,18,394.5,531.6,101.1,70,0.54,0.946288837,,
31288,14.6,365.8,535,101.8,27,0.71,0.387165068,,
100487,26.4,262.8,480.1,101.3,36,0.74,0.139491603,,
70788,20.8,361.2,690.6,101.3,74,0.68,0.319120117,,
90287,21.9,333,571.7,101.1,77,0.55,0.595056294,,
22487,9.9,562.6,223.6,100.5,71,0.27,0.242782426,,
30688,14.5,342.1,332.2,101.7,77,0.28,0.971566799,,
62388,18.3,331.2,567.3,101.2,74,0.52,0.974306505,,
62687,18,401.3,328.8,101.5,77,0.33,0.153603024,,
51690,17.2,357.1,534.5,101.5,69,0.5,0.183700437,,
31887,14,345.3,336.7,101.2,74,0.28,0.945327186,,
120488,15,220,286.1,102.2,31,0.41,0.48820711,,
91290,21.1,316.1,534.7,101,80,0.47,0.496441201,,
20389,12.8,399.5,300.7,102.2,67,0.29,0.984788601,,
31988,19.6,308.9,571.2,101.7,24,0.87,0.28490301,,
72688,21.5,367.2,540.8,101.4,81,0.51,0.00760522,,
72689,20.5,341.2,626.9,101.2,74,0.61,0.076529394,,
102887,20.6,366.3,269.8,101.6,73,0.3,0.136709198,,
32490,14.1,301.1,256.8,101.4,78,0.22,0.724630373,,
102888,17.6,343.9,359.3,101.5,62,0.43,0.658092419,,
110988,16.6,227.3,338.3,101.8,71,0.27,0.558644613,,
40690,15.9,446,283.7,101.6,79,0.28,0.737929907,,
10290,12.6,392.2,216.7,101.3,69,0.25,0.051797269,,
10387,14.3,310.7,242.6,101.8,73,0.21,0.861737168,,
112090,15.5,448.3,214.9,101.3,75,0.3,0.040053834,,
100888,21.7,377.6,491.7,101.8,59,0.64,0.481787034,,
92790,20.4,388.6,252.6,101.3,68,0.38,0.4811433,,
110189,17.1,342.6,355,101.7,37,0.58,0.147763264,,
90888,20.4,382.7,543.1,101.1,72,0.57,0.217218198,,
61288,16.7,392.2,559.1,101.3,69,0.55,0.042132646,,
11387,13.1,258.7,236.2,101.6,68,0.21,0.234497842,,
121788,12.9,225.5,275.3,102.2,72,0.19,0.906889555,,
50488,16.1,410.9,613.2,101.3,72,0.56,0.152243521,,
122887,9.8,197.7,168.6,102.1,49,0.22,0.065113287,,
102088,18.7,327.5,158.2,101.1,87,0.17,0.167804939,,
120690,15.8,251.5,311.4,101.9,40,0.46,0.240216296,,
112588,13.2,469.7,112.2,101.2,94,0.11,0.074185719,,
21688,12.8,281.1,415.4,101.2,78,0.26,0.042680871,,
40687,15.9,378.6,598.4,101.5,70,0.54,0.603774208,,
32788,18.5,431.4,538.9,100.9,71,0.57,0.558274046,,
72390,22,387.2,544.6,101.1,76,0.56,0.681997464,,
62289,18.4,389,669.6,100.8,74,0.62,0.483812895,,
90889,19.9,398.6,584.3,101.1,70,0.6,0.043174093,,
123089,13,163.1,305.1,101.6,53,0.28,0.167286716,,
100788,19.6,377.2,484.1,101.8,69,0.51,0.804667005,,
82590,21.1,369,576.5,101.5,65,0.68,0.832922853,,
42190,16.7,365.3,369,101.5,72,0.38,0.827039545,,
41987,16.5,405.9,636.1,101.4,59,0.68,0.045424559,,
80690,22.7,362.2,589.8,101.3,73,0.63,0.284174208,,
11089,11.8,236.9,315.5,101.8,57,0.26,0.757518978,,
31488,15.2,292.5,516.6,101.4,30,0.6,0.589967339,,
82589,20.1,417.7,541.3,101.1,65,0.64,0.830166027,,
31590,15.1,298.8,543.3,101.5,41,0.61,0.534506263,,
110389,17.1,301.1,407.6,101.3,25,0.65,0.015240525,,
43088,16.6,638.7,558,101.6,67,0.65,0.427130052,,
11989,16.6,262.8,315.9,101.6,27,0.53,0.381437924,,
83088,21.8,380.4,614.3,100.6,78,0.6,0.804992514,,
121690,13.2,461,226.1,101.4,52,0.4,0.584601026,,
11988,11.4,329.4,344,101.8,51,0.4,0.884505301,,
110288,17.2,343.9,283.4,101.6,72,0.29,0.010240447,,
60588,16.2,477.4,534,101.3,61,0.61,0.088516839,,
42888,16.8,411.8,454.9,101.6,59,0.54,0.081333331,,
71289,20.8,516.6,628.5,101.6,74,0.68,0.967363271,,
41089,17.6,370.8,543.4,101.3,69,0.53,0.790769108,,
92990,20.1,331.6,298.1,101.2,75,0.32,0.320232971,,
50387,18.6,403.6,695.6,101.3,60,0.74,0.202575981,,
101688,18.7,343.9,420.7,101.3,83,0.31,0.71573627,,
20289,12.3,389.9,152.2,102,81,0.2,0.294972262,,
122290,7.8,336.2,290.5,101.8,51,0.34,0.396615384,,
121688,13.3,372.6,93.9,102,95,0.07,0.067656883,,
11487,13.6,303.8,169.6,101.3,75,0.17,0.646865394,,
22488,14.2,390.9,400.4,101.8,76,0.3,0.830292387,,
102487,19.6,270.6,235.7,101.7,77,0.25,0.189204874,,
81388,20.7,445.1,669.6,101.3,67,0.74,0.952967874,,
12490,16.5,169.5,340.6,101.6,27,0.49,0.581181074,,
111789,15.9,318.9,324.2,100.9,74,0.3,0.790930998,,
81888,18.7,327.1,435.2,101,80,0.37,0.596061849,,
90588,28.2,358.1,597.8,100.6,44,0.96,0.807176781,,
72187,18.8,512,649.6,101.5,64,0.74,0.302774074,,
111087,19.5,227.8,360.3,101.8,44,0.47,0.406359935,,
40988,17.7,338.9,545.6,101.4,78,0.45,0.577477998,,
51988,18.9,370.8,701.2,101,68,0.69,0.469119729,,
32589,14.3,565.3,174.5,101.4,95,0.17,0.723227058,,
52787,16.6,453.7,608.3,101.4,62,0.66,0.198463746,,
10190,13,272.4,269.7,101.8,59,0.31,0.8289547,,
22689,17.2,323.9,457.2,101.8,52,0.52,0.926590716,,
42388,14.9,472.9,392.6,101.7,69,0.44,0.618582014,,
101387,19.1,297,365.3,101.3,71,0.35,0.920736844,,
30590,13.1,635.9,383.2,101.7,50,0.6,0.779595258,,
51789,16.5,384.5,324.8,101.6,76,0.34,0.502293421,,
51390,17.3,436.4,550,101.3,64,0.61,0.775549304,,
30290,14.7,319.8,305.2,101.9,62,0.35,0.558743023,,
30287,13.6,315.2,417.2,101.8,63,0.35,0.147938714,,
70688,20.4,338.5,697.8,101.1,72,0.67,0.918525061,,
111590,16.8,310.7,338.1,101.7,66,0.29,0.442493204,,
60290,19.9,363.5,690.5,101.4,59,0.77,0.715032511,,
120187,14.2,288.8,298.7,101.8,68,0.26,0.438654578,,
10689,10.9,603.1,284.3,102,53,0.44,0.984181031,,
40189,17.3,358.5,574.3,101.5,68,0.54,0.17489168,,
71090,22.8,402.7,447.4,101.2,68,0.55,0.382387277,,
72890,21.5,370.4,675.5,101.3,69,0.71,0.185669832,,
101790,20.2,345.3,383.9,101.5,68,0.44,0.046308372,,
122787,8.9,251.9,231.5,102.4,50,0.24,0.438079076,,
41887,15.5,474.2,407,101.1,67,0.46,0.508139508,,
20687,19.6,454.6,382.9,101.8,25,0.85,0.464650054,,
21790,12.2,681,187.4,101.8,65,0.4,0.680714223,,
41390,16.3,375.4,480.2,101.5,76,0.4,0.578565635,,
10790,12,182.7,279.6,102.5,52,0.26,0.765570641,,
22887,12.3,328,413.1,101.9,61,0.35,0.447882781,,
41789,17.5,458.7,485.8,101.6,66,0.55,0.646489211,,
81890,20.2,376.3,301,101.3,77,0.35,0.802885372,,
71589,19.5,429.1,546.4,101.5,75,0.53,0.094924242,,
21589,11.3,357.1,416.5,102.5,66,0.32,0.6744817,,
121687,11.1,605.9,78.4,100.6,59,0.4,0.169293122,,
40287,14.9,395.9,444.7,101.6,70,0.43,0.904992821,,
101689,18.6,383.1,373,101.1,70,0.4,0.996899483,,
122690,11.5,227.3,306.5,101.7,34,0.37,0.253932981,,
90589,22,430,608.5,101,66,0.7,0.571527407,,
111288,16.2,227.3,350.3,101.6,75,0.26,0.576082816,,
112390,17.5,272.9,320.6,101.5,31,0.51,0.675439663,,
61787,18.4,379.9,693.6,101.4,70,0.69,0.813748406,,
11987,11.8,348,297.7,101.5,62,0.3,0.92830879,,
101489,18.3,378.1,236.3,101.5,68,0.36,0.266525163,,
72787,18.7,340.7,456,101,79,0.4,0.078545207,,
11787,8.5,307,325,102,33,0.4,0.372939032,,
92687,19.1,301.1,351,101.2,74,0.36,0.95585647,,
102289,20.2,327.1,263.3,101.9,75,0.28,0.432845337,,
72588,22.3,428.7,670,101.5,78,0.69,0.971863756,,
102787,21.8,332.5,275.2,101.4,67,0.41,0.623297405,,
111587,15.6,311.1,360.3,101.7,62,0.36,0.364387366,,
50987,18.1,445.5,286.9,101.3,82,0.28,0.111703569,,
71690,22.6,380.4,638.9,101.3,69,0.72,0.263113457,,
121789,12.6,282.4,302.9,101.1,53,0.31,0.85772162,,
60188,18.8,373.5,666.1,101.5,59,0.71,0.433813886,,
112788,14,208.6,329.3,102.1,64,0.26,0.376765542,,
103087,18.3,252.4,305.5,101.4,72,0.28,0.030974378,,
51289,16.4,462.8,545.6,101.5,62,0.61,0.939275942,,
41490,16.6,369.4,585.2,101.7,68,0.55,0.304158688,,
51488,15.8,364.4,531.6,101.2,84,0.36,0.461556193,,
61488,17.1,375.8,350,101.4,81,0.3,0.421830627,,
52790,17.4,385.8,473.2,101.2,65,0.51,0.965523425,,
51787,18.6,470.1,402.6,101.1,73,0.46,0.073710837,,
122489,15.9,227.8,211,101.9,34,0.38,0.916142629,,
12190,13,225,220.4,101.7,43,0.32,0.254603043,,
20890,13,343,267.8,101.7,53,0.37,0.075514229,,
71590,21.5,387.2,521,101,75,0.54,0.609176835,,
80889,20.7,422.3,303.3,101.1,80,0.34,0.602091474,,
82189,20.4,376.3,553.6,101.2,59,0.68,0.459659148,,
92087,20,390.9,473,101.2,78,0.44,0.778930421,,
50188,15.9,669.6,652.3,101.8,44,0.98,0.974832293,,
20589,9.8,603.6,244.5,101.8,50,0.45,0.622483248,,
22590,16.6,206.8,298.8,101.8,50,0.36,0.911680657,,
10487,13.5,595.4,97.5,101,87,0.16,0.495518069,,
21990,9.9,327.1,434.6,102.2,52,0.39,0.309873712,,
40588,17.7,315.2,591.3,101.6,68,0.53,0.848591097,,
61390,17.7,613.6,400,101.2,69,0.54,0.180916945,,
12690,14.2,215.9,304.6,101.4,36,0.38,0.074981688,,
102189,18.4,305.7,209.3,101.7,77,0.23,0.295549529,,
102990,18.3,268.8,400.9,101.4,66,0.33,0.346540822,,
41588,13.7,500.6,372.4,101.2,64,0.42,0.341684685,,
112888,14,216.4,297.6,101.7,51,0.29,0.365845014,,
101988,19.8,402.7,264.7,101.4,81,0.29,0.089470165,,
102090,20.1,404.1,437.1,101.3,63,0.54,0.667144654,,
20888,14.6,220.9,403.6,101.9,42,0.43,0.883292589,,
103187,18.3,401.3,108.1,100.6,91,0.13,0.841182327,,
50890,16.1,393.1,672.7,101.3,66,0.65,0.38668593,,
40788,18,299.7,527.7,101.2,72,0.47,0.929364662,,
112088,12.3,280.6,350.9,101.9,42,0.37,0.376393723,,
50687,18.4,367.6,559.2,101.2,74,0.51,0.675947948,,
52287,17.3,463.7,650.7,101.6,66,0.69,0.089305554,,
72388,23.2,433.2,666.6,101.3,75,0.72,0.977054657,,
120388,14.4,213.6,201.4,102.1,36,0.35,0.848999082,,
102490,20.7,308.4,418.4,101.4,39,0.62,0.07060432,,
52687,16,586.7,361.4,101.4,62,0.53,0.519333889,,
22389,18.4,240.5,383.1,101.6,36,0.55,0.604988865,,
71890,23.2,442.8,679.4,101.2,71,0.77,0.960796439,,
83189,19.9,361.7,616.7,101,68,0.62,0.667654833,,
41988,16.9,470.6,546.8,101.4,70,0.53,0.926730168,,
71190,24.3,369.4,612.6,101.2,63,0.75,0.421554626,,
11687,7.6,429.6,331.1,101.2,32,0.5,0.955388863,,
42887,16.5,287.4,309.7,101.5,81,0.25,0.542890046,,
80388,21.9,477,602.9,101.5,70,0.71,0.897976823,,
21787,13.7,231.4,409.9,101.7,52,0.36,0.775749968,,
72190,21.9,366.7,659.8,101.3,75,0.68,0.355782641,,
51990,15.8,482.4,360.6,101.5,60,0.49,0.471147826,,
61887,18,384.9,692.8,101.6,68,0.69,0.786820804,,
100790,19.8,341.2,319.3,101.3,65,0.41,0.203427439,,
62587,18.2,367.2,611.3,101.3,75,0.56,0.242129678,,
72089,21.2,359.9,533,101,80,0.49,0.401405606,,
70990,20.8,472.9,629.8,101.3,69,0.71,0.676324157,,
92789,21.4,361.7,454.6,101.1,76,0.44,0.350464152,,
100987,19.2,383.6,429.1,101.4,66,0.48,0.185193796,,
50989,17.9,668.3,488.9,101.3,76,0.56,0.091538416,,
120589,14.5,300.7,316.2,101.4,44,0.38,0.277522385,,
30687,15.1,248.3,138.6,101.5,89,0.11,0.486829224,,
81688,20.1,333.9,608.2,101,71,0.59,0.982018235,,
70490,21.4,472.4,718.1,101.3,70,0.81,0.670390508,,
30689,15.8,350.8,499.8,101.4,49,0.53,0.943725101,,
42890,17.5,404.5,604.4,101.2,69,0.6,0.872161184,,
31188,14,446.9,516.9,101.4,47,0.61,0.318800071,,
11889,14.8,250.5,335.9,101.8,31,0.46,0.932688825,,
30888,15.4,425.5,519.2,102.1,69,0.43,0.639736961,,
90787,21,304.3,598.5,101.2,64,0.62,0.472020739,,
91788,18.8,317.1,302.7,101,74,0.32,0.704040648,,
61588,17.2,378.1,320.9,101.5,82,0.27,0.164387767,,
51288,19.9,328.4,711,101.4,65,0.71,0.200070784,,
122989,13.3,232.3,223.7,101.1,65,0.25,0.970944048,,
30390,15.3,368.5,378,101.8,70,0.41,0.634179441,,
102987,19.2,378.6,325.2,101.6,78,0.32,0.506879858,,
70287,18.8,472.4,639.2,101.4,70,0.68,0.723090005,,
42289,17,462.4,555.7,101.3,63,0.62,0.944702063,,
41187,15.5,435,289.8,101.1,73,0.33,0.688547372,,
13090,13.3,369.9,225.9,100.9,67,0.25,0.678154033,,
112889,14.7,282.4,320.4,101.9,20,0.56,0.597615615,,
42489,15.4,509.3,458.5,101.5,54,0.62,0.215036603,,
122189,12.7,267.9,273.9,102.1,67,0.23,0.056754217,,
91990,20.3,451,408.9,101.1,65,0.56,0.728742815,,
110490,16.8,286.1,368.9,102,37,0.5,0.375242738,,
120887,14,270.6,268.2,102,69,0.23,0.382962369,,
72589,20.6,363.5,601.7,101.2,73,0.6,0.485611632,,
52089,17.9,445.5,660.4,101.6,74,0.62,0.338487503,,
112488,13.5,283.8,168.2,101.4,73,0.19,0.199982842,,
111690,16.9,283.8,232.9,101.8,79,0.19,0.378585036,,
12289,13.8,285.2,313,101.3,61,0.3,0.431991584,,
73087,20.8,364,650.6,100.8,70,0.66,0.642216506,,
112990,15.1,272.4,313.2,102,30,0.52,0.174337704,,
112887,14,291.1,283.9,101.1,57,0.34,0.7928859,,
80189,21,368.5,664.7,101.1,70,0.69,0.662722372,,
70189,19.4,355.3,658.4,101.3,71,0.63,0.836950717,,
10388,13.1,169,136.8,102,46,0.26,0.529077337,,
71390,23.7,351.7,455,101.4,73,0.52,0.445726316,,
71387,19.5,492.9,654.4,101.3,75,0.66,0.099366177,,
103089,18.2,331.2,284.9,101.6,21,0.68,0.303385515,,
51489,16,424.1,350.3,101.2,67,0.41,0.697134536,,
80587,20.4,371.3,555.6,101,76,0.54,0.240378611,,
121989,15.1,302.9,296.6,101.8,49,0.39,0.048975329,,
122190,9.4,520.7,133.8,101.4,63,0.33,0.261171133,,
100288,18.7,351.2,343.1,101.4,81,0.29,0.796579719,,
73188,21.5,327.1,348,101.5,74,0.39,0.708694149,,
102089,19.8,418.6,354.3,101.7,60,0.51,0.132240591,,
40288,17.1,307.5,613.6,101.5,40,0.7,0.071090227,,
82887,19.3,309.8,454.9,101.4,79,0.39,0.547027781,,
120489,15.3,287,319.9,101.8,23,0.56,0.386123987,,
52988,16.3,838.2,500.1,100.9,58,0.75,0.001199232,,
111788,14.1,330.3,261.1,101.5,64,0.3,0.721861498,,
101887,18.2,345.3,163.6,101.7,90,0.18,0.872255421,,
83087,20.4,444.6,552.5,101.6,76,0.55,0.189226732,,
72790,21.7,362.6,685.1,101.4,68,0.74,0.873644677,,
121689,13.5,257.4,168.3,101.2,71,0.21,0.371266056,,
91689,22.5,354,245.8,100.9,73,0.34,0.51984947,,
13087,13.6,376.7,257.8,101.4,67,0.28,0.5962989,,
22390,17.8,224.6,413.7,102,33,0.54,0.397013608,,
120890,15.9,240.1,246.6,101.7,24,0.46,0.253640107,,
102589,17.3,537.1,356.5,101.6,65,0.45,0.994913924,,
92589,24,385.8,368.7,101,57,0.58,0.661161212,,
100388,18.8,348,406.5,101.2,84,0.31,0.228305486,,
51889,17.5,393.6,556.6,101.6,68,0.57,0.236157887,,
91488,20,458.3,502.3,101.3,73,0.53,0.606841971,,
32487,13.8,407.3,501.1,101.1,61,0.49,0.795536393,,
32489,14.9,365.3,405.1,101.8,67,0.39,0.74170786,,
42590,17.1,361.2,685,101.3,64,0.66,0.740120457,,
40387,14.3,616.8,441.6,101.2,65,0.45,0.072708446,,
21190,14.7,275.1,375.6,101.6,55,0.37,0.1319745,,
111088,16.1,335.3,250.6,101.7,73,0.25,0.155491975,,
90788,21.1,405.9,445.4,101,79,0.43,0.469232716,,
40187,16.9,375.8,585.4,101.6,44,0.72,0.189102389,,
51088,20,384.5,717.1,101.7,57,0.84,0.136325169,,
72090,22.2,375.8,634.7,101.1,74,0.66,0.207512842,,
80989,21.4,356.7,477,101.1,77,0.48,0.259346635,,
93090,20.9,376.3,464.4,101.1,73,0.5,0.197912357,,
100187,22.4,385.8,502.1,101,69,0.53,0.677196158,,
100989,19.1,395.4,452.5,101.6,72,0.44,0.412067571,,
81390,20.9,439.6,297,101.3,79,0.35,0.377517674,,
20889,13.6,384,191.9,101.8,33,0.51,0.347386493,,
62588,19.2,402.2,682.5,101.3,67,0.72,0.051232674,,
42089,17.7,361.2,511.1,101.3,72,0.47,0.012579054,,
42087,19.1,364,682.2,101.6,40,0.88,0.978791355,,
11389,9.9,260.6,318.6,102.6,38,0.34,0.073407811,,
80288,21.5,442.3,516.7,101.3,72,0.59,0.403500276,,
62689,19.5,502,710.5,101.2,71,0.75,0.450859435,,
110790,16.9,507.5,386.2,101.6,21,0.83,0.325413953,,
60387,18.4,449.2,629.7,101.4,77,0.59,0.968853442,,
22189,16.9,367.6,416.9,102.1,39,0.56,0.137224781,,
32288,15.7,351.7,506.5,101.8,70,0.42,0.463054972,,
30488,14.7,395.9,337.5,101.9,74,0.3,0.059575343,,
92389,19.4,367.6,445.8,101.1,79,0.38,0.373050368,,
91388,20.2,451.9,562,101.3,69,0.63,0.954246783,,
31089,14.6,451.9,424.2,101.9,75,0.35,0.953275242,,
31889,15.2,345.3,495.1,101.8,63,0.44,0.71491015,,
112289,15.9,350.8,287.9,101.6,77,0.24,0.5899011,,
101687,19.2,360.3,313.3,101.6,74,0.33,0.063439136,,
32089,17.4,369,527.2,101.5,71,0.49,0.525083148,,
32688,24,284.7,588,101.1,26,0.96,0.125570106,,
80689,22.9,410,641.1,101.4,69,0.74,0.618765614,,
20488,13.6,219.6,347.7,101.9,53,0.31,0.688599053,,
41289,16.4,423.7,285.4,101.1,75,0.32,0.276796119,,
42788,16.1,389.5,382.1,101.2,71,0.39,0.850342065,,
30487,19.4,270.1,344.5,101.6,30,0.59,0.653939021,,
91390,20.3,335.3,503.9,101,78,0.44,0.735885054,,
102388,17.2,285.6,264.8,101.4,84,0.19,0.251696011,,
112089,21.3,311.6,211.5,101.5,35,0.56,0.042776223,,
81087,21.3,343.5,601.8,101.2,71,0.63,0.450776564,,
121987,12.1,406.3,105.6,101.3,83,0.15,0.93688254,,
101488,18.5,283.3,319.5,101.6,68,0.34,0.674988439,,
51888,17.5,376.3,595.1,101,67,0.58,0.83726516,,
51587,17.4,386.8,251,101.4,84,0.23,0.751746342,,
62888,18.3,498.4,409,100.9,82,0.37,0.375317722,,
62989,19.1,531.2,698.2,101.7,68,0.77,0.302952647,,
112287,15.3,267.4,330.1,101.3,70,0.27,0.335925944,,
73089,21.1,362.2,639.1,101.2,71,0.66,0.103738618,,
41389,17.3,345.8,405.7,101.4,66,0.44,0.672816934,,
90188,21.2,395,585.5,100.8,77,0.58,0.431131785,,
52489,17.7,393.6,712,101.5,64,0.74,0.863588166,,
70790,18.5,549.4,374.6,101,76,0.43,0.714963676,,
91288,20.2,342.6,485.1,101.3,61,0.58,0.963854841,,
71287,19.9,532.5,663.8,101.4,68,0.76,0.789637867,,
62487,18.4,345.8,578.4,101.4,75,0.52,0.87894269,,
103088,17.1,321.2,405,101.5,71,0.35,0.209162925,,
91787,19.7,366.3,560.2,101.3,69,0.56,0.342175761,,
80289,21.1,377.2,654.8,101.1,71,0.68,0.507238688,,
120389,16.4,270.6,307.3,102.1,23,0.58,0.895878527,,
41790,16.4,529.3,432.5,101.1,79,0.42,0.92808582,,
61589,17.7,365.8,338.5,101.3,81,0.29,0.147582599,,
22587,9.9,495.2,346.3,100.7,68,0.3,0.454084142,,
71688,20.9,329.8,619.9,101.1,73,0.61,0.829977142,,
60590,18.4,511.6,639.3,101,77,0.61,0.798167672,,
102187,19.7,239.6,302,101.5,70,0.3,0.565558828,,
42290,16.6,368.1,451.4,101.4,59,0.52,0.881000624,,
42189,17.8,454.6,431.6,101.3,73,0.44,0.741144658,,
121188,14.9,241.9,308.2,102.1,33,0.43,0.375639988,,
121287,14.2,430,200.1,100.8,79,0.23,0.853865203,,
72490,20.5,403.6,472.1,101.1,73,0.51,0.040227469,,
10187,13.5,245.5,215.6,101.8,64,0.21,0.097767285,,
11188,13.9,262.8,237,101.6,80,0.2,0.405767879,,
112087,17.4,256.5,330.3,101.8,30,0.49,0.729140714,,
12988,14.1,295.6,303.9,101.8,73,0.28,0.68598419,,
52890,16.2,631.4,311,100.9,83,0.33,0.768570709,,
41288,18.4,395,485.7,101.2,71,0.45,0.451396835,,