,T,W,SR,DSP,DRH,PanE,Index
952,0.3396313364055299,0.3256038647342996,0.5672683513838748,0.4692307692307709,0.6647058823529413,0.2983471074380165,0.6559119120791217
786,0.4428571428571429,0.3952495974235105,0.1895306859205776,0.3769230769230749,0.6835294117647058,0.2256198347107438,0.5721685001487586
414,0.5976958525345623,0.3322061191626408,0.7985559566787003,0.4384615384615374,0.58,0.5628099173553719,0.598671090953378
251,0.5423963133640554,0.3190016103059581,0.7385078219013237,0.5,0.58,0.5033057851239671,0.5309967936155456
69,0.66036866359447,0.2045088566827697,0.585078219013237,0.3769230769230749,0.4764705882352941,0.4504132231404959,0.5087735937967811
803,0.3764976958525345,0.2980676328502415,0.3695547533092659,0.5923076923076916,0.5705882352941177,0.2785123966942149,0.456148179082855
131,0.5608294930875577,0.3252012882447666,0.7575210589651021,0.5307692307692291,0.6741176470588235,0.4636363636363637,0.2658949118045585
300,0.5165898617511522,0.3975040257648953,0.5819494584837545,0.3461538461538458,0.7023529411764706,0.3842975206611571,0.311668126336463
1009,0.5018433179723504,0.287842190016103,0.3986762936221421,0.5923076923076916,0.6835294117647058,0.2785123966942149,0.2699552011334916
326,0.5829493087557605,0.3512882447665056,0.5898916967509025,0.4076923076923083,0.5988235294117648,0.4570247933884298,0.80496348814358
1419,0.476036866359447,0.3340579710144927,0.3077015643802647,0.4692307692307709,0.7964705882352942,0.2057851239669421,0.7023799621930177
1098,0.5497695852534562,0.3101449275362319,0.4986762936221419,0.4384615384615374,0.6741176470588235,0.3446280991735537,0.8065790709220625
499,0.3543778801843318,0.287037037037037,0.3889290012033694,0.6230769230769251,0.26,0.4173553719008265,0.5523752986562175
1166,0.3912442396313363,0.2632045088566828,0.6594464500601684,0.5,0.3917647058823529,0.4570247933884298,0.5280257226905457
832,0.708294930875576,0.3523349436392914,0.6504211793020456,0.3769230769230749,0.4858823529411765,0.5628099173553719,0.8642629630567246
364,0.4096774193548387,0.3567632850241545,0.8293622141997593,0.5307692307692291,0.5894117647058824,0.4900826446280992,0.7489939693210769
495,0.2695852534562212,0.1968599033816425,0.3197352587244284,0.7153846153846167,0.6176470588235294,0.1991735537190082,0.4137482050048361
1352,0.627188940092166,0.2859903381642512,0.4244283995186523,0.5,0.7023529411764706,0.3115702479338843,0.6678267968471855
338,0.5129032258064516,0.4256843800322061,0.8324909747292419,0.4384615384615374,0.6741176470588235,0.5231404958677686,0.6440274494020403
421,0.3654377880184332,0.3640901771336554,0.3336943441636582,0.5615384615384625,0.7682352941176471,0.1925619834710744,0.7032136494792801
164,0.4723502304147466,0.3942028985507246,0.2430806257521059,0.5307692307692291,0.6270588235294118,0.2917355371900826,0.200659254255912
28,0.6788018433179723,0.3490338164251207,0.7756919374247894,0.4692307692307709,0.608235294117647,0.5694214876033058,0.3917746693868428
516,0.4686635944700461,0.2056360708534621,0.3870036101083032,0.5615384615384625,0.2317647058823529,0.4041322314049587,0.1175705974748384
193,0.3728110599078341,0.3024959742351046,0.6239470517448856,0.5307692307692291,0.6741176470588235,0.3380165289256198,0.8035182104856882
918,0.2953917050691244,0.4216586151368761,0.4002406738868832,0.8076923076923084,0.1941176470588235,0.5033057851239671,0.4142671687171786
1319,0.5682027649769585,0.287037037037037,0.861251504211793,0.4692307692307709,0.6176470588235294,0.5231404958677686,0.2596118836231702
1318,0.4686635944700461,0.3270531400966183,0.3918170878459687,0.5,0.7776470588235295,0.2322314049586777,0.2309731291132863
169,0.5940092165898618,0.1789049919484702,0.3919374247894103,0.5615384615384625,0.288235294117647,0.4107438016528926,0.1133882072518411
167,0.5903225806451613,0.2892914653784219,0.5269554753309266,0.3769230769230749,0.711764705882353,0.3314049586776859,0.2121155885039433
652,0.5903225806451613,0.3241545893719806,0.8262334536702767,0.4076923076923083,0.6458823529411765,0.5363636363636364,0.312398895379936
173,0.6640552995391705,0.3142512077294686,0.8111913357400721,0.4692307692307709,0.2035294117647059,0.8074380165289256,0.6535066559299412
518,0.5387096774193549,0.2921900161030596,0.4346570397111914,0.3461538461538458,0.7400000000000001,0.271900826446281,0.5985660835745161
1174,0.4317972350230415,0.4070048309178743,0.6482551143200962,0.4384615384615374,0.58,0.4570247933884298,0.1700800470785168
1164,0.3949308755760369,0.2581320450885668,0.6273164861612515,0.4692307692307709,0.288235294117647,0.4504132231404959,0.5725381062823819
491,0.4944700460829493,0.3211755233494364,0.7202166064981949,0.3461538461538458,0.7494117647058823,0.3776859504132231,0.2224083373640464
73,0.4539170506912443,0.3233494363929146,0.7511432009626956,0.5,0.608235294117647,0.4768595041322314,0.6545552280767656
1212,0.4723502304147466,0.3112721417069243,0.6967509025270757,0.5,0.6458823529411765,0.4107438016528926,0.2394034416566505
587,0.5534562211981567,0.3134460547504026,0.4246690734055354,0.6538461538461542,0.6929411764705883,0.2785123966942149,0.5655325741068001
750,0.4391705069124424,0.2690821256038648,0.4169675090252707,0.4692307692307709,0.6552941176470588,0.2454545454545454,0.358095050245739
657,0.4133640552995392,0.2258454106280193,0.4090252707581226,0.6230769230769251,0.4858823529411765,0.3049586776859504,0.8996079334464813
842,0.5350230414746545,0.3710950080515298,0.6160048134777376,0.5615384615384625,0.6552941176470588,0.4107438016528926,0.3870984500939853
234,0.5387096774193549,0.3332528180354267,0.683754512635379,0.3769230769230749,0.6552941176470588,0.4305785123966942,0.560709340791632
732,0.5350230414746545,0.2980676328502415,0.604572803850782,0.5,0.5423529411764706,0.443801652892562,0.2474669627418452
214,0.2290322580645161,0.2309178743961352,0.3765342960288808,0.6230769230769251,0.288235294117647,0.3314049586776859,0.8408500776944127
162,0.2880184331797235,0.2342190016103059,0.3800240673886883,0.7461538461538458,0.3352941176470588,0.3181818181818182,0.3068187053836043
132,0.490783410138249,0.4124798711755234,0.5830324909747292,0.4076923076923083,0.6929411764705883,0.390909090909091,0.8553147389936383
1070,0.4797235023041475,0.3219001610305958,0.378820697954272,0.5307692307692291,0.58,0.3181818181818182,0.8667128462985572
222,0.4465437788018435,0.3123993558776167,0.3509025270758122,0.3153846153846167,0.5705882352941177,0.3842975206611571,0.6336643930470911
1187,0.5976958525345623,0.3809983896940419,0.8114320096269555,0.4384615384615374,0.6364705882352941,0.5429752066115702,0.8638779111206754
185,0.5866359447004609,0.2852657004830918,0.5460890493381468,0.5,0.1847058823529412,0.5892561983471074,0.5357467699256614
41,0.3506912442396314,0.2272946859903381,0.4495788206979543,0.6846153846153833,0.3070588235294118,0.3644628099173553,0.4251424261795733
692,0.5460829493087559,0.3024959742351046,0.457641395908544,0.4692307692307709,0.7588235294117647,0.2785123966942149,0.8627823482600948
108,0.4428571428571429,0.362962962962963,0.4061371841155234,0.4384615384615374,0.6929411764705883,0.2983471074380165,0.7358154100443298
38,0.4023041474654377,0.234621578099839,0.5009626955475331,0.4692307692307709,0.4576470588235294,0.3181818181818182,0.4035585950991704
568,0.5350230414746545,0.2624798711755233,0.5631768953068591,0.5923076923076916,0.6647058823529413,0.3512396694214876,0.7939727928711293
938,0.6050691244239632,0.2984702093397746,0.4883273164861613,0.3461538461538458,0.7776470588235295,0.3049586776859504,0.8761398163987683
1226,0.251152073732719,0.3101449275362319,0.5068592057761733,0.8076923076923084,0.6270588235294118,0.2652892561983471,0.6403683022895945
1440,0.5608294930875577,0.2155394524959742,0.3690734055354994,0.5,0.6647058823529413,0.2520661157024793,0.5529481328650333
483,0.6714285714285715,0.2632045088566828,0.8173285198555956,0.3153846153846167,0.4670588235294117,0.6024793388429752,0.3084899516397303
468,0.3838709677419355,0.3032206119162641,0.5687123947051744,0.6230769230769251,0.6741176470588235,0.3049586776859504,0.1776023238111433
890,0.6124423963133642,0.3046698872785829,0.5730445246690734,0.5,0.5329411764705883,0.4768595041322314,0.50233831631279
24,0.4465437788018435,0.2573268921095008,0.3679903730445246,0.5307692307692291,0.7211764705882353,0.2322314049586777,0.4542525405109558
953,0.2474654377880184,0.2702093397745572,0.4950661853188928,0.7461538461538458,0.4952941176470589,0.3049586776859504,0.6019719283556426
983,0.4207373271889401,0.3838969404186796,0.322503008423586,0.6846153846153833,0.7400000000000001,0.2256198347107438,0.8727669419249245
68,0.4170506912442396,0.3090982286634461,0.5787003610108302,0.3461538461538458,0.6270588235294118,0.390909090909091,0.1058987547555158
884,0.483410138248848,0.3083735909822865,0.3943441636582431,0.4076923076923083,0.7588235294117647,0.2454545454545454,0.830660426054181
1244,0.5018433179723504,0.3813204508856682,0.3509025270758122,0.4384615384615374,0.7776470588235295,0.2388429752066116,0.1886894339573494
366,0.5387096774193549,0.3270531400966183,0.5998796630565583,0.3461538461538458,0.7588235294117647,0.3446280991735537,0.5610290083064687
505,0.5460829493087559,0.3237520128824476,0.761612515042118,0.5,0.6176470588235294,0.5033057851239671,0.5156801291736189
850,0.3728110599078341,0.22914653784219,0.331768953068592,0.6846153846153833,0.6835294117647058,0.2057851239669421,0.7524912850350421
1274,0.3506912442396314,0.1968599033816425,0.3637785800240674,0.5615384615384625,0.4858823529411765,0.2454545454545454,0.3926602600268535
383,0.4870967741935484,0.2801127214170692,0.3561973525872443,0.5,0.6741176470588235,0.2520661157024793,0.6417266099270926
734,0.4170506912442396,0.3703703703703703,0.5009626955475331,0.5923076923076916,0.7400000000000001,0.2983471074380165,0.8806526946254726
717,0.3211981566820276,0.5489533011272142,0.2129963898916967,0.3769230769230749,0.7964705882352942,0.1991735537190082,0.6600136374115697
1293,0.1147465437788018,0.3685185185185186,0.4040914560770157,0.4076923076923083,0.3070588235294118,0.3842975206611571,0.865820967383046
454,0.5129032258064516,0.4114331723027374,0.5267148014440434,0.3769230769230749,0.711764705882353,0.3578512396694215,0.3805495847648431
264,0.708294930875576,0.3567632850241545,0.7936221419975932,0.4692307692307709,0.6647058823529413,0.5429752066115702,0.370538526569528
75,0.5276497695852536,0.2705314009661835,0.7495788206979543,0.3461538461538458,0.7211764705882353,0.4107438016528926,0.3312219182926963
914,0.3543778801843318,0.2764090177133655,0.365222623345367,0.6538461538461542,0.3541176470588235,0.3710743801652892,0.5642577083136778
232,0.4870967741935484,0.3739935587761674,0.8657039711191337,0.5923076923076916,0.3447058823529412,0.6950413223140496,0.6360173742443668
444,0.3211981566820276,0.1935587761674718,0.3537906137184116,0.6230769230769251,0.5894117647058824,0.1991735537190082,0.2352624818190535
395,0.2142857142857143,0.2731078904991948,0.2178098676293622,0.6538461538461542,0.3164705882352941,0.3181818181818182,0.8515423756341981
611,0.3506912442396314,0.2426731078904992,0.664861612515042,0.5,0.5894117647058824,0.3446280991735537,0.3383961094812682
176,0.57926267281106,0.3736714975845411,0.7200962695547534,0.5,0.6364705882352941,0.4966942148760331,0.2268017094630799
18,0.4391705069124424,0.2738325281803543,0.6587244283995186,0.5307692307692291,0.4105882352941177,0.4636363636363637,0.7191359514990407
1270,0.3580645161290322,0.1964573268921095,0.372202166064982,0.4692307692307709,0.3447058823529412,0.3049586776859504,0.1592168998636048
1024,0.3285714285714286,0.4690016103059581,0.255956678700361,0.4384615384615374,0.5988235294117648,0.3247933884297521,0.4723510786428047
341,0.3654377880184332,0.3934782608695653,0.249338146811071,0.5307692307692291,0.5894117647058824,0.3115702479338843,0.7507381017866862
994,0.4612903225806452,0.2522544283413849,0.457641395908544,0.6230769230769251,0.3635294117647059,0.390909090909091,0.1127024714104527
879,0.4244239631336406,0.3343800322061192,0.3655836341756919,0.3461538461538458,0.6364705882352941,0.3049586776859504,0.4180310936683721
595,0.4686635944700461,0.3112721417069243,0.6232250300842359,0.4384615384615374,0.7023529411764706,0.3512396694214876,0.2503416549095411
61,0.3912442396313363,0.3028180354267311,0.3297232250300842,0.6538461538461542,0.6552941176470588,0.2322314049586777,0.293822067080839
1220,0.435483870967742,0.3248792270531401,0.5835138387484957,0.5,0.7211764705882353,0.3181818181818182,0.5633872376254419
272,0.4281105990783411,0.3586151368760065,0.7064981949458483,0.4384615384615374,0.6176470588235294,0.4305785123966942,0.2899217744346499
1169,0.4465437788018435,0.2342190016103059,0.3858002406738868,0.5307692307692291,0.26,0.4041322314049587,0.4051749395334857
872,0.3359447004608294,0.2581320450885668,0.4416365824308063,0.5615384615384625,0.6647058823529413,0.2520661157024793,0.4921908109662861
1084,0.57926267281106,0.293317230273752,0.5959085439229844,0.3461538461538458,0.6835294117647058,0.3842975206611571,0.2355120497092873
1394,0.4576036866359447,0.4312399355877616,0.4703971119133573,0.5307692307692291,0.2035294117647059,0.6024793388429752,0.3602107832756824
278,0.3470046082949308,0.2268921095008051,0.2060168471720818,0.5307692307692291,0.58,0.212396694214876,0.5535080357790355
1121,0.5092165898617512,0.2892914653784219,0.6883273164861612,0.4076923076923083,0.7023529411764706,0.3975206611570249,0.8810040362682771
694,0.3101382488479263,0.2489533011272142,0.2660649819494585,0.5923076923076916,0.6835294117647058,0.1925619834710744,0.5925804470832657
368,0.523963133640553,0.2628824476650563,0.2939831528279181,0.3769230769230749,0.7400000000000001,0.2190082644628099,0.2356533822124827
1338,0.6013824884792627,0.3157004830917874,0.7885679903730445,0.2846153846153832,0.6647058823529413,0.4900826446280992,0.6144726508602388
36,0.4686635944700461,0.400402576489533,0.57942238267148,0.4384615384615374,0.5047058823529412,0.4702479338842976,0.2763619161224588
735,0.5018433179723504,0.3098228663446055,0.7155234657039711,0.3769230769230749,0.6647058823529413,0.4041322314049587,0.7065307111941475
1290,0.5682027649769585,0.3138486312399356,0.7477737665463298,0.3461538461538458,0.6458823529411765,0.4636363636363637,0.6348891420469327
662,0.3912442396313363,0.4664251207729469,0.2684717208182912,0.5307692307692291,0.711764705882353,0.2520661157024793,0.1968075037257179
1278,0.5092165898617512,0.3457326892109501,0.135740072202166,0.2230769230769207,0.8623529411764705,0.1396694214876033,0.7741601936337799
1309,0.5755760368663595,0.2914653784219001,0.7375451263537907,0.3461538461538458,0.6741176470588235,0.443801652892562,0.887193376769292
977,0.6382488479262673,0.3292270531400967,0.8434416365824309,0.4076923076923083,0.6270588235294118,0.5628099173553719,0.4004385446143105
547,0.3949308755760369,0.3450080515297906,0.6317689530685919,0.4692307692307709,0.6552941176470588,0.3644628099173553,0.3072682075286537
1208,0.4539170506912443,0.2727858293075684,0.4125150421179302,0.5615384615384625,0.6270588235294118,0.2454545454545454,0.4541771630689066
688,0.6345622119815668,0.3241545893719806,0.7779783393501803,0.4076923076923083,0.6741176470588235,0.4966942148760331,0.1609446466964614
738,0.2548387096774194,0.2456521739130435,0.3352587244283994,0.6538461538461542,0.6458823529411765,0.1991735537190082,0.4982415975231081
191,0.3764976958525345,0.3879227053140096,0.529482551143201,0.5923076923076916,0.5705882352941177,0.3710743801652892,0.1160996963984873
919,0.3285714285714286,0.2852657004830918,0.367870036101083,0.6846153846153833,0.5611764705882353,0.2652892561983471,0.8053307619570239
456,0.4649769585253457,0.3424315619967794,0.6637785800240673,0.4384615384615374,0.6741176470588235,0.3975206611570249,0.6049814119358727
868,0.476036866359447,0.3211755233494364,0.4140794223826715,0.4076923076923083,0.7305882352941176,0.2785123966942149,0.7276179811957809
393,0.6677419354838711,0.3424315619967794,0.5499398315282792,0.4384615384615374,0.7211764705882353,0.3842975206611571,0.6203099723343366
675,0.4244239631336406,0.3270531400966183,0.6719614921780986,0.4692307692307709,0.6458823529411765,0.3975206611570249,0.7076364380267686
760,0.6235023041474654,0.3252012882447666,0.7841155234657039,0.4384615384615374,0.6741176470588235,0.5165289256198347,0.8353971957818641
1429,0.5682027649769585,0.4513687600644122,0.8044524669073405,0.4692307692307709,0.6458823529411765,0.556198347107438,0.7327912383045675
728,0.4317972350230415,0.2416264090177133,0.459927797833935,0.5,0.5329411764705883,0.2983471074380165,0.2105061896645458
419,0.1700460829493087,0.1975845410628019,0.3766546329723225,0.7461538461538458,0.448235294117647,0.2388429752066116,0.7614981084419852
375,0.3728110599078341,0.2342190016103059,0.3660649819494584,0.6538461538461542,0.42,0.3181818181818182,0.668315103310317
412,0.5571428571428573,0.3600644122383253,0.6504211793020456,0.4076923076923083,0.7588235294117647,0.3710743801652892,0.8422654942702023
74,0.5129032258064516,0.3256038647342996,0.7908543922984356,0.4384615384615374,0.6270588235294118,0.5033057851239671,0.3667692451472827
1359,0.5055299539170507,0.3006441223832528,0.2025270758122743,0.5615384615384625,0.8529411764705882,0.1727272727272727,0.7990990801334429
1134,0.4465437788018435,0.2056360708534621,0.4127557160048134,0.5923076923076916,0.6741176470588235,0.2322314049586777,0.5473988681822415
500,0.3580645161290322,0.298792270531401,0.4273164861612515,0.6230769230769251,0.711764705882353,0.2322314049586777,0.4473426832231677
825,0.571889400921659,0.3384057971014492,0.2632972322503008,0.4692307692307709,0.8341176470588235,0.1859504132231405,0.5894275803879826
195,0.5829493087557605,0.3270531400966183,0.7421179302045727,0.4076923076923083,0.6835294117647058,0.4636363636363637,0.816631431088728
1119,0.1995391705069124,0.4756038647342995,0.2747292418772563,0.1923076923076916,0.6741176470588235,0.2322314049586777,0.2938917268873215
616,0.2474654377880184,0.5192431561996779,0.2616125150421179,0.4692307692307709,0.5517647058823529,0.2983471074380165,0.4325972614584273
114,0.476036866359447,0.3501610305958132,0.8225030084235859,0.5615384615384625,0.5705882352941177,0.5363636363636364,0.2927293654458053
417,0.8336405529953919,0.3413848631239935,0.751624548736462,0.4692307692307709,0.1941176470588235,0.9,0.1372422759365395
601,0.5940092165898618,0.2723832528180354,0.2945848375451263,0.3461538461538458,0.6741176470588235,0.271900826446281,0.1564834623480866
969,0.3801843317972351,0.4190821256038647,0.4243080625752106,0.3769230769230749,0.5235294117647059,0.3842975206611571,0.2052649389215727
921,0.3506912442396314,0.1796296296296296,0.204933814681107,0.5307692307692291,0.3917647058823529,0.2454545454545454,0.3003147111338089
604,0.4944700460829493,0.4609500805152978,0.3571600481347774,0.5615384615384625,0.6458823529411765,0.3115702479338843,0.1882405152936388
1389,0.4870967741935484,0.3134460547504026,0.6206979542719615,0.4384615384615374,0.6835294117647058,0.3644628099173553,0.1091333064304561
89,0.4244239631336406,0.3175523349436393,0.1872442839951865,0.4384615384615374,0.6552941176470588,0.2388429752066116,0.5239658466943353
848,0.5350230414746545,0.4506441223832528,0.6174488567990373,0.3769230769230749,0.7400000000000001,0.3842975206611571,0.2299847751299338
1108,0.4797235023041475,0.2680354267310789,0.4563176895306859,0.5,0.3447058823529412,0.3975206611570249,0.3114564213288088
1388,0.5423963133640554,0.3464573268921095,0.8269554753309265,0.4384615384615374,0.6364705882352941,0.5297520661157025,0.1401562306999577
753,0.4870967741935484,0.2676328502415459,0.4854392298435619,0.5615384615384625,0.3258823529411765,0.443801652892562,0.3950057723419584
498,0.3949308755760369,0.1707729468599034,0.3754512635379061,0.5923076923076916,0.2976470588235294,0.3181818181818182,0.2682192903774197
1142,0.5866359447004609,0.3307568438003221,0.6592057761732851,0.3769230769230749,0.6835294117647058,0.4305785123966942,0.2733741890926138
1395,0.5129032258064516,0.3842995169082126,0.7634175691937425,0.4692307692307709,0.7305882352941176,0.443801652892562,0.8766274743709483
1150,0.3211981566820276,0.400805152979066,0.1406738868832731,0.4076923076923083,0.8905882352941177,0.1264462809917355,0.1585780648461376
1148,0.523963133640553,0.2863123993558776,0.1960288808664259,0.3769230769230749,0.8247058823529412,0.1661157024793388,0.2337157097091493
11,0.6308755760368665,0.314975845410628,0.6732851985559566,0.3769230769230749,0.7023529411764706,0.4305785123966942,0.7958449388952077
396,0.4023041474654377,0.3406602254428341,0.5604091456077016,0.6230769230769251,0.6364705882352941,0.3380165289256198,0.1750367226561086
284,0.531336405529954,0.3457326892109501,0.5385078219013236,0.3461538461538458,0.7494117647058823,0.3181818181818182,0.6427393240556898
690,0.4686635944700461,0.3483091787439614,0.7922984356197353,0.5,0.608235294117647,0.4966942148760331,0.330774515717361
1190,0.523963133640553,0.2859903381642512,0.5293622141997593,0.3461538461538458,0.7588235294117647,0.2983471074380165,0.5774294857234206
1360,0.5866359447004609,0.3805958132045088,0.670517448856799,0.5307692307692291,0.7211764705882353,0.4173553719008265,0.2509085796643033
689,0.3691244239631336,0.1660225442834138,0.2931407942238266,0.6230769230769251,0.4388235294117647,0.2454545454545454,0.3609847676598477
851,0.4317972350230415,0.2797101449275362,0.6795427196149217,0.5615384615384625,0.6835294117647058,0.3578512396694215,0.7591182814850137
159,0.5534562211981567,0.3123993558776167,0.7481347773766547,0.3769230769230749,0.711764705882353,0.4371900826446281,0.3570303701615445
895,0.4797235023041475,0.2822866344605475,0.7660649819494585,0.4692307692307709,0.6364705882352941,0.4371900826446281,0.6194070714804147
1151,0.3064516129032258,0.2489533011272142,0.5055354993983152,0.4076923076923083,0.7400000000000001,0.2256198347107438,0.1332926578486518
257,0.3691244239631336,0.3123993558776167,0.2762936221419976,0.5615384615384625,0.7494117647058823,0.1859504132231405,0.5958918553695912
335,0.5976958525345623,0.3659420289855072,0.4809867629362214,0.5307692307692291,0.6647058823529413,0.3776859504132231,0.135966332267987
1364,0.3359447004608294,0.3259259259259259,0.3158844765342961,0.4692307692307709,0.6364705882352941,0.2388429752066116,0.5776197399666455
515,0.2658986175115207,0.3061191626409018,0.529482551143201,0.6846153846153833,0.4576470588235294,0.3578512396694215,0.7773746388788749
1015,0.627188940092166,0.3197262479871176,0.7909747292418773,0.4076923076923083,0.6647058823529413,0.5165289256198347,0.3756494258157382
768,0.3838709677419355,0.3938003220611916,0.7411552346570398,0.5307692307692291,0.4858823529411765,0.5231404958677686,0.4867106932363656
1371,0.571889400921659,0.3916264090177134,0.6101083032490974,0.4384615384615374,0.6929411764705883,0.4041322314049587,0.5860814802435196
761,0.3838709677419355,0.3208534621578099,0.3604091456077015,0.5,0.7211764705882353,0.2388429752066116,0.6479008457255014
1068,0.627188940092166,0.4084541062801933,0.7809867629362214,0.5,0.608235294117647,0.5826446280991736,0.844717638401899
521,0.5202764976958527,0.4536231884057971,0.8690734055354994,0.4692307692307709,0.6741176470588235,0.556198347107438,0.8689859676008583
22,0.4207373271889401,0.2353462157809984,0.3707581227436822,0.5,0.6270588235294118,0.2454545454545454,0.8273714388609482
356,0.6493087557603687,0.3329307568438003,0.6222623345367027,0.4692307692307709,0.7211764705882353,0.4107438016528926,0.4213491642361181
1231,0.6456221198156682,0.3688405797101449,0.7379061371841156,0.3461538461538458,0.6270588235294118,0.5165289256198347,0.5577384416204237
340,0.531336405529954,0.2837359098228663,0.4918170878459688,0.4076923076923083,0.6929411764705883,0.2983471074380165,0.5314734577398882
431,0.3764976958525345,0.3237520128824476,0.3173285198555956,0.5307692307692291,0.8152941176470588,0.1727272727272727,0.1181696490170938
473,0.5608294930875577,0.272061191626409,0.5636582430806256,0.4076923076923083,0.6552941176470588,0.3644628099173553,0.2087193370549236
217,0.6640552995391705,0.3442834138486312,0.7166064981949457,0.4384615384615374,0.7305882352941176,0.4636363636363637,0.4693332569778042
911,0.3175115207373272,0.2683574879227053,0.4010830324909747,0.6230769230769251,0.6835294117647058,0.2057851239669421,0.4050427589391011
1165,0.5755760368663595,0.3589371980676329,0.6570397111913356,0.3769230769230749,0.6176470588235294,0.4768595041322314,0.765318645529615
1011,0.2437788018433179,0.3761674718196457,0.451985559566787,0.4076923076923083,0.5517647058823529,0.3049586776859504,0.721882207144491
1413,0.4686635944700461,0.2525764895330112,0.3243080625752106,0.4692307692307709,0.7964705882352942,0.1793388429752066,0.3010456615621273
93,0.4981566820276498,0.2881642512077295,0.417208182912154,0.5923076923076916,0.711764705882353,0.2520661157024793,0.1601023492481607
1008,0.2990783410138249,0.2735104669887279,0.6123947051744885,0.6538461538461542,0.4576470588235294,0.3842975206611571,0.2406176767561659
696,0.5571428571428573,0.3487117552334944,0.8746089049338147,0.4692307692307709,0.6741176470588235,0.5363636363636364,0.2159820592971819
996,0.7304147465437789,0.3523349436392914,0.7324909747292419,0.4692307692307709,0.6364705882352941,0.5363636363636364,0.5506350434923237
153,0.6640552995391705,0.3714170692431562,0.7939831528279181,0.4384615384615374,0.711764705882353,0.5165289256198347,0.4325738716418464
1259,0.627188940092166,0.3343800322061192,0.6326113116726835,0.3461538461538458,0.711764705882353,0.4107438016528926,0.5879554136306533
1450,0.4317972350230415,0.5309983896940418,0.3799037304452467,0.3153846153846167,0.7870588235294117,0.271900826446281,0.715882994077827
789,0.435483870967742,0.2749597423510467,0.3235860409145608,0.5,0.7023529411764706,0.2256198347107438,0.5635355221442574
580,0.4391705069124424,0.3373590982286634,0.8269554753309265,0.5,0.6647058823529413,0.4504132231404959,0.1938475349979099
703,0.2917050691244239,0.2309178743961352,0.4203369434416366,0.5615384615384625,0.3823529411764707,0.3115702479338843,0.4195934343766373
1218,0.5571428571428573,0.3886473429951691,0.4664259927797833,0.5923076923076916,0.2411764705882353,0.615702479338843,0.471959980812774
487,0.4244239631336406,0.2570048309178744,0.2598074608904933,0.4692307692307709,0.6647058823529413,0.2190082644628099,0.7829989920721038
559,0.571889400921659,0.2690821256038648,0.5598074608904934,0.2538461538461541,0.7400000000000001,0.3247933884297521,0.6959417825515014
801,0.476036866359447,0.3119967793880837,0.3446450060168471,0.5615384615384625,0.608235294117647,0.2851239669421487,0.7334429171347768
512,0.5645161290322581,0.2746376811594203,0.5039711191335741,0.5,0.7211764705882353,0.3115702479338843,0.5782760224405398
633,0.3949308755760369,0.2804347826086957,0.3350180505415162,0.5615384615384625,0.6835294117647058,0.2322314049586777,0.435143574823184
1295,0.6419354838709677,0.4066827697262479,0.7311672683513838,0.5,0.6647058823529413,0.5231404958677686,0.8197427638647832
790,0.5645161290322581,0.2804347826086957,0.6735258724428399,0.4692307692307709,0.7023529411764706,0.390909090909091,0.7003704645012873
116,0.435483870967742,0.2313204508856682,0.2953068592057761,0.5307692307692291,0.5894117647058824,0.2322314049586777,0.4182903126770352
740,0.4576036866359447,0.3237520128824476,0.6813477737665463,0.5615384615384625,0.6929411764705883,0.3776859504132231,0.3471510647813106
830,0.3949308755760369,0.4147342995169082,0.7483754512635379,0.6230769230769251,0.58,0.4834710743801653,0.4342745816991082
119,0.5387096774193549,0.3784219001610306,0.6394705174488569,0.4692307692307709,0.5988235294117648,0.4570247933884298,0.2931656064324508
656,0.4170506912442396,0.179951690821256,0.4055354993983152,0.6846153846153833,0.3917647058823529,0.3115702479338843,0.2237365896931918
635,0.5940092165898618,0.3292270531400967,0.7915764139590854,0.3769230769230749,0.608235294117647,0.5429752066115702,0.5831367606841237
369,0.5092165898617512,0.3086956521739131,0.5671480144404332,0.3769230769230749,0.7494117647058823,0.3247933884297521,0.7153528294499918
268,0.5571428571428573,0.2041867954911433,0.4578820697954271,0.6230769230769251,0.3352941176470588,0.4107438016528926,0.2085636631101305
655,0.3617511520737327,0.2342190016103059,0.4385078219013236,0.5307692307692291,0.5705882352941177,0.2652892561983471,0.2590660524812611
935,0.3285714285714286,0.277938808373591,0.4787003610108303,0.4384615384615374,0.5611764705882353,0.3181818181818182,0.5234470683797773
822,0.5608294930875577,0.2687600644122383,0.7605294825511432,0.5,0.3258823529411765,0.5694214876033058,0.8154670655854473
866,0.4981566820276498,0.2643317230273752,0.2405535499398315,0.4384615384615374,0.8152941176470588,0.152892561983471,0.1786073587795631
46,0.483410138248848,0.3197262479871176,0.4114320096269553,0.5307692307692291,0.7494117647058823,0.2652892561983471,0.8461610965932228
1250,0.4391705069124424,0.3952495974235105,0.6622141997593262,0.5,0.5894117647058824,0.4570247933884298,0.8528889333861407
991,0.7009216589861752,0.3046698872785829,0.7229843561973527,0.4384615384615374,0.6364705882352941,0.4966942148760331,0.527093149362657
876,0.5755760368663595,0.335829307568438,0.8362214199759327,0.4384615384615374,0.7023529411764706,0.4966942148760331,0.767973908584562
773,0.3433179723502304,0.2573268921095008,0.3971119133574007,0.5615384615384625,0.6741176470588235,0.2256198347107438,0.5823813176835719
4,0.4723502304147466,0.3277777777777778,0.8537906137184115,0.5,0.6835294117647058,0.4768595041322314,0.2254290563710451
1003,0.2548387096774194,0.2144122383252818,0.3648616125150421,0.5615384615384625,0.58,0.2256198347107438,0.5116040208389275
1261,0.5866359447004609,0.3256038647342996,0.671841155234657,0.4076923076923083,0.5611764705882353,0.5033057851239671,0.4679543404904911
263,0.3801843317972351,0.3193236714975845,0.5941034897713598,0.4692307692307709,0.6552941176470588,0.3314049586776859,0.4430253073613858
1145,0.3101382488479263,0.2041867954911433,0.3369434416365824,0.7153846153846167,0.6835294117647058,0.1793388429752066,0.826896013932186
1327,0.3764976958525345,0.25,0.3912154031287604,0.6230769230769251,0.1941176470588235,0.4239669421487604,0.5786765193764271
443,0.6124423963133642,0.3134460547504026,0.6681107099879663,0.4076923076923083,0.6741176470588235,0.4371900826446281,0.7010049679523376
1002,0.3801843317972351,0.2331723027375201,0.427797833935018,0.5307692307692291,0.3352941176470588,0.3710743801652892,0.3678912131468507
1077,0.435483870967742,0.3369565217391304,0.4500601684717208,0.5307692307692291,0.711764705882353,0.2851239669421487,0.4788164804577001
837,0.4502304147465438,0.3442834138486312,0.8067388688327316,0.4076923076923083,0.5988235294117648,0.5033057851239671,0.2598070216132263
1404,0.5423963133640554,0.3127214170692431,0.3826714801444043,0.5307692307692291,0.7023529411764706,0.271900826446281,0.1499529883186373
304,0.3506912442396314,0.2577294685990338,0.4287605294825511,0.6230769230769251,0.3352941176470588,0.3710743801652892,0.1551746840095914
1273,0.3396313364055299,0.4256843800322061,0.4537906137184115,0.4076923076923083,0.608235294117647,0.3314049586776859,0.373269474457656
313,0.5387096774193549,0.3219001610305958,0.4456077015643803,0.3153846153846167,0.7588235294117647,0.2785123966942149,0.4803131534312556
149,0.5129032258064516,0.250402576489533,0.4392298435619735,0.5615384615384625,0.4576470588235294,0.3776859504132231,0.4637590631150099
574,0.6824884792626729,0.3307568438003221,0.8058965102286402,0.4076923076923083,0.6647058823529413,0.5297520661157025,0.4130555412254617
50,0.490783410138249,0.3318035426731078,0.8342960288808664,0.5,0.5235294117647059,0.5429752066115702,0.338340223686801
1133,0.483410138248848,0.2995169082125604,0.4380264741275571,0.5,0.5894117647058824,0.3380165289256198,0.627214465125195
726,0.5423963133640554,0.3138486312399356,0.390373044524669,0.2538461538461541,0.7400000000000001,0.271900826446281,0.3063600232391709
833,0.4096774193548387,0.4198872785829307,0.1833935018050541,0.5923076923076916,0.8058823529411765,0.1661157024793388,0.4434240442222031
470,0.3138248847926267,0.3710950080515298,0.33309265944645,0.6230769230769251,0.6458823529411765,0.2520661157024793,0.8814844364388806
971,0.6087557603686636,0.3226247987117552,0.6961492178098675,0.4692307692307709,0.711764705882353,0.4371900826446281,0.4836246170961401
653,0.6124423963133642,0.3450080515297906,0.5626955475330927,0.4076923076923083,0.7305882352941176,0.3710743801652892,0.5035878949717458
399,0.4207373271889401,0.4253623188405797,0.7664259927797835,0.5615384615384625,0.5423529411764706,0.5231404958677686,0.8482232400324267
511,0.1516129032258064,0.2350241545893719,0.3673886883273165,0.9,0.5517647058823529,0.2190082644628099,0.5083661793565494
320,0.4612903225806452,0.4216586151368761,0.4162454873646208,0.5,0.6270588235294118,0.3710743801652892,0.6753625851456129
19,0.3506912442396314,0.2738325281803543,0.4176895306859206,0.4692307692307709,0.6647058823529413,0.2520661157024793,0.475181191873117
684,0.5460829493087559,0.3996779388083736,0.7993983152827918,0.4076923076923083,0.6741176470588235,0.5099173553719009,0.2479183951105805
35,0.6161290322580645,0.2914653784219001,0.5689530685920577,0.3461538461538458,0.6835294117647058,0.3776859504132231,0.1335422995769642
902,0.675115207373272,0.2037842190016103,0.5926594464500602,0.3769230769230749,0.1847058823529412,0.5958677685950414,0.104104840978331
827,0.3764976958525345,0.2841384863123993,0.3883273164861612,0.4384615384615374,0.3447058823529412,0.3446280991735537,0.6171542893584242
1302,0.6161290322580645,0.3123993558776167,0.6470517448856798,0.3461538461538458,0.7588235294117647,0.3776859504132231,0.4212007577239551
407,0.4870967741935484,0.2353462157809984,0.7291215403128761,0.4384615384615374,0.1941176470588235,0.5760330578512397,0.2698779303867958
920,0.3138248847926267,0.2320450885668277,0.3655836341756919,0.5307692307692291,0.3823529411764707,0.3181818181818182,0.7622714772412993
537,0.3101382488479263,0.647987117552335,0.3589651022864019,0.3769230769230749,0.5329411764705883,0.4239669421487604,0.2121330809052877
758,0.3285714285714286,0.3574879227053139,0.1605294825511432,0.5615384615384625,0.7776470588235295,0.1727272727272727,0.3596451177811959
1062,0.3875576036866359,0.2966183574879227,0.3666666666666667,0.5923076923076916,0.6835294117647058,0.2190082644628099,0.1981900342659448
245,0.4391705069124424,0.2746376811594203,0.3782190132370637,0.4076923076923083,0.7964705882352942,0.212396694214876,0.6854021223668194
1127,0.3064516129032258,0.3442834138486312,0.3675090252707581,0.7153846153846167,0.6364705882352941,0.2454545454545454,0.889416838753365
784,0.5571428571428573,0.3747181964573269,0.473164861612515,0.4692307692307709,0.6364705882352941,0.3578512396694215,0.147715910432348
489,0.4981566820276498,0.228743961352657,0.3179302045728038,0.4692307692307709,0.3352941176470588,0.3776859504132231,0.520889923289921
154,0.5350230414746545,0.2489533011272142,0.4086642599277978,0.6846153846153833,0.3164705882352941,0.443801652892562,0.3784574421984334
961,0.4723502304147466,0.3197262479871176,0.7432009626955475,0.4692307692307709,0.7023529411764706,0.3975206611570249,0.5311423316788714
853,0.3211981566820276,0.265780998389694,0.2927797833935017,0.5,0.6364705882352941,0.2256198347107438,0.7753436992511814
625,0.476036866359447,0.2881642512077295,0.4364620938628158,0.4692307692307709,0.7494117647058823,0.2190082644628099,0.2760033239013682
685,0.4870967741935484,0.3758454106280193,0.6793020457280384,0.4076923076923083,0.7023529411764706,0.4041322314049587,0.4908457115163965
569,0.284331797235023,0.2148148148148148,0.3061371841155234,0.7153846153846167,0.6741176470588235,0.1793388429752066,0.6381233100848992
1383,0.6050691244239632,0.3256038647342996,0.5645006016847172,0.3769230769230749,0.6929411764705883,0.3842975206611571,0.2578795564216753
17,0.5387096774193549,0.4165861513687601,0.4423586040914561,0.5615384615384625,0.6647058823529413,0.3380165289256198,0.1447093651260945
127,0.2990783410138249,0.5676328502415459,0.3847172081829121,0.5,0.5423529411764706,0.3776859504132231,0.3659583995101261
927,0.4170506912442396,0.2148148148148148,0.2833935018050542,0.5615384615384625,0.3447058823529412,0.2983471074380165,0.5408464859133109
980,0.6382488479262673,0.3024959742351046,0.8084235860409146,0.3461538461538458,0.6741176470588235,0.5099173553719009,0.4536192674270201
1424,0.4723502304147466,0.3010466988727858,0.4938628158844764,0.4692307692307709,0.6270588235294118,0.3446280991735537,0.6390321813895484
190,0.435483870967742,0.3098228663446055,0.7393501805054152,0.5,0.7023529411764706,0.3842975206611571,0.6747415595516755
1139,0.6345622119815668,0.3266505636070853,0.597352587244284,0.5923076923076916,0.5611764705882353,0.4768595041322314,0.4857139120809958
992,0.3617511520737327,0.1568438003220612,0.378459687123947,0.5615384615384625,0.5141176470588236,0.2520661157024793,0.1631372547973096
1418,0.4797235023041475,0.3256038647342996,0.7217809867629362,0.3461538461538458,0.6364705882352941,0.4371900826446281,0.7710163231452722
1211,0.236405529953917,0.5082125603864734,0.3477737665463297,0.6538461538461542,0.5047058823529412,0.3446280991735537,0.888929210476934
606,0.3543778801843318,0.2357487922705314,0.2137184115523465,0.5307692307692291,0.4952941176470589,0.2586776859504132,0.6089166195596111
180,0.483410138248848,0.3461352657004831,0.6735258724428399,0.5,0.6458823529411765,0.4107438016528926,0.7726474239590837
301,0.3580645161290322,0.2466988727858293,0.4322503008423586,0.5615384615384625,0.3823529411764707,0.3181818181818182,0.5292194556844247
496,0.3396313364055299,0.2251207729468599,0.3908543922984356,0.5923076923076916,0.3541176470588235,0.3181818181818182,0.5941333108346568
1251,0.4465437788018435,0.3200483091787439,0.7098676293622143,0.5615384615384625,0.6458823529411765,0.4173553719008265,0.3431515666635465
1431,0.4649769585253457,0.2812399355877616,0.4930204572803851,0.5,0.6741176470588235,0.2851239669421487,0.2669091251671868
1197,0.4465437788018435,0.3879227053140096,0.7376654632972323,0.4692307692307709,0.5894117647058824,0.4900826446280992,0.2583220945122871
517,0.4797235023041475,0.3541867954911434,0.6114320096269554,0.5,0.6835294117647058,0.3776859504132231,0.3752610704282583
1069,0.5202764976958527,0.2544283413848631,0.3658243080625752,0.4692307692307709,0.7964705882352942,0.2057851239669421,0.369133546845635
476,0.4133640552995392,0.2004830917874396,0.2530685920577617,0.5,0.4764705882352941,0.2520661157024793,0.6492585851308292
157,0.2806451612903226,0.4913848631239935,0.3752105896510228,0.5,0.42,0.4305785123966942,0.5170935673704539
16,0.3396313364055299,0.3274557165861513,0.5129963898916968,0.5615384615384625,0.2788235294117647,0.4371900826446281,0.8906360274248509
1072,0.3064516129032258,0.352012882447665,0.2322503008423586,0.7153846153846167,0.7682352941176471,0.1462809917355372,0.8613417528994934
546,0.619815668202765,0.3233494363929146,0.6244283995186523,0.3769230769230749,0.6647058823529413,0.4173553719008265,0.6801651678763996
658,0.2990783410138249,0.2683574879227053,0.3400722021660649,0.3461538461538458,0.5235294117647059,0.2851239669421487,0.1200703711801889
1191,0.8741935483870968,0.3109500805152979,0.7250300842358604,0.2230769230769207,0.42,0.6884297520661157,0.7468677569020831
1019,0.5202764976958527,0.3626409017713365,0.8067388688327316,0.4692307692307709,0.711764705882353,0.4702479338842976,0.2684818345073845
1216,0.1626728110599078,0.2254428341384863,0.2842358604091456,0.7769230769230794,0.4764705882352941,0.212396694214876,0.4506344377391733
959,0.5387096774193549,0.3303542673107891,0.5522262334536702,0.4076923076923083,0.6458823529411765,0.3842975206611571,0.5139252452416911
1366,0.4207373271889401,0.2159420289855072,0.3024067388688327,0.5615384615384625,0.2317647058823529,0.3578512396694215,0.3026059693154668
283,0.3580645161290322,0.4447665056360708,0.3986762936221421,0.1923076923076916,0.7023529411764706,0.2652892561983471,0.8499269421370486
797,0.6529953917050692,0.2881642512077295,0.5551143200962696,0.4076923076923083,0.7023529411764706,0.3578512396694215,0.3906102027574979
225,0.4686635944700461,0.2885668276972625,0.4296028880866426,0.4384615384615374,0.6929411764705883,0.2652892561983471,0.2389414006822273
26,0.5276497695852536,0.2852657004830918,0.7008423586040915,0.4692307692307709,0.5517647058823529,0.4504132231404959,0.3164007539084527
437,0.3838709677419355,0.1756038647342995,0.3670276774969916,0.5615384615384625,0.2694117647058823,0.3247933884297521,0.2157299407828842
1412,0.5829493087557605,0.2925925925925926,0.6120336943441635,0.3461538461538458,0.7400000000000001,0.3446280991735537,0.6896498857747998
229,0.3138248847926267,0.3659420289855072,0.2494584837545126,0.4692307692307709,0.7588235294117647,0.212396694214876,0.5095808903906368
37,0.5829493087557605,0.3351046698872786,0.8315282791817087,0.4692307692307709,0.6741176470588235,0.5231404958677686,0.2882527344924169
749,0.4870967741935484,0.3860708534621577,0.2636582430806257,0.5,0.4952941176470589,0.3710743801652892,0.7938530572033446
1045,0.6529953917050692,0.3655394524959742,0.5286401925391095,0.4384615384615374,0.7400000000000001,0.3644628099173553,0.2851680741170903
469,0.4686635944700461,0.3020933977455716,0.4098676293622142,0.4692307692307709,0.6176470588235294,0.3049586776859504,0.1770607343458162
1443,0.3838709677419355,0.2173913043478261,0.3765342960288808,0.6846153846153833,0.3164705882352941,0.3380165289256198,0.4005215867699563
1427,0.5165898617511522,0.464975845410628,0.4564380264741275,0.3461538461538458,0.7211764705882353,0.3380165289256198,0.6728586427991712
687,0.4317972350230415,0.1707729468599034,0.4054151624548736,0.6538461538461542,0.2788235294117647,0.3578512396694215,0.1032806667653943
1336,0.4576036866359447,0.2511272141706924,0.2859205776173285,0.5923076923076916,0.7494117647058823,0.1793388429752066,0.4028852463980596
639,0.4170506912442396,0.3028180354267311,0.1677496991576413,0.5615384615384625,0.7870588235294117,0.1925619834710744,0.6648091670006718
1291,0.4576036866359447,0.4015297906602254,0.6636582430806257,0.4692307692307709,0.6647058823529413,0.4041322314049587,0.8428198480920781
1158,0.5571428571428573,0.3263285024154589,0.5882069795427197,0.5923076923076916,0.6552941176470588,0.390909090909091,0.7448534412757223
1210,0.3580645161290322,0.2551529790660225,0.3651022864019253,0.5923076923076916,0.6458823529411765,0.2256198347107438,0.4510963286296758
1321,0.3986175115207374,0.3193236714975845,0.4605294825511432,0.5923076923076916,0.6647058823529413,0.3247933884297521,0.6080222004536775
800,0.490783410138249,0.2004830917874396,0.4688327316486161,0.4384615384615374,0.7023529411764706,0.2454545454545454,0.5140813935158807
160,0.627188940092166,0.3274557165861513,0.649699157641396,0.5307692307692291,0.6270588235294118,0.4570247933884298,0.4980181795489378
956,0.4465437788018435,0.2408212560386473,0.7503008423586041,0.4384615384615374,0.5141176470588236,0.4636363636363637,0.4477916307800396
1186,0.5571428571428573,0.2404991948470209,0.2892900120336943,0.5615384615384625,0.7305882352941176,0.2190082644628099,0.2508910366999268
821,0.5608294930875577,0.2995169082125604,0.5676293622141998,0.3769230769230749,0.6741176470588235,0.3644628099173553,0.2369410829898811
1230,0.2585253456221198,0.2056360708534621,0.374488567990373,0.5615384615384625,0.3258823529411765,0.2983471074380165,0.3028410264180747
877,0.6308755760368665,0.3028180354267311,0.6614921780986762,0.5,0.7211764705882353,0.4173553719008265,0.2635696038350117
913,0.5497695852534562,0.3131239935587762,0.4247894103489771,0.5,0.6647058823529413,0.3115702479338843,0.4953705852205264
152,0.236405529953917,0.2239935587761674,0.3227436823104693,0.7153846153846167,0.288235294117647,0.2983471074380165,0.4418559770499052
1331,0.4539170506912443,0.2529790660225443,0.4495788206979543,0.6538461538461542,0.3541176470588235,0.3842975206611571,0.4002027587619701
509,0.6013824884792627,0.3662640901771337,0.4589651022864018,0.4692307692307709,0.6552941176470588,0.390909090909091,0.3131804987301927
1135,0.4207373271889401,0.3817230273752012,0.3470517448856798,0.5307692307692291,0.7494117647058823,0.2388429752066116,0.6912910598682291
1217,0.4059907834101383,0.4044283413848631,0.4954271961492178,0.3769230769230749,0.6364705882352941,0.3578512396694215,0.506864086507505
103,0.5276497695852536,0.336231884057971,0.8108303249097473,0.4076923076923083,0.6835294117647058,0.4768595041322314,0.3270326852060211
586,0.3359447004608294,0.2195652173913043,0.3759326113116726,0.5,0.3447058823529412,0.3247933884297521,0.4510857770077224
1287,0.4244239631336406,0.4950080515297906,0.4405535499398315,0.4692307692307709,0.5894117647058824,0.4041322314049587,0.5158485602516705
1143,0.4502304147465438,0.3384057971014492,0.678459687123947,0.4384615384615374,0.6552941176470588,0.4173553719008265,0.1328526591458744
53,0.5976958525345623,0.3659420289855072,0.785439229843562,0.4384615384615374,0.6176470588235294,0.556198347107438,0.2981336554819146
151,0.2474654377880184,0.2863123993558776,0.5040914560770156,0.7769230769230794,0.6647058823529413,0.2454545454545454,0.7892462168112359
403,0.531336405529954,0.3754428341384863,0.5736462093862816,0.3769230769230749,0.7400000000000001,0.3578512396694215,0.4811065885310246
1409,0.4391705069124424,0.363768115942029,0.3490974729241877,0.3769230769230749,0.711764705882353,0.2652892561983471,0.3211907023019159
207,0.6013824884792627,0.3208534621578099,0.7348977135980745,0.3769230769230749,0.6364705882352941,0.4966942148760331,0.3851441672333121
1374,0.4649769585253457,0.3134460547504026,0.8299638989169675,0.4384615384615374,0.608235294117647,0.4900826446280992,0.6930491685979822
1122,0.4981566820276498,0.3457326892109501,0.4013237063778579,0.5,0.7305882352941176,0.271900826446281,0.2223174258349119
8,0.5460829493087559,0.3197262479871176,0.8605294825511431,0.4076923076923083,0.6458823529411765,0.5231404958677686,0.2606960007789757
1014,0.251152073732719,0.2492753623188406,0.2689530685920577,0.6538461538461542,0.7400000000000001,0.1462809917355372,0.3248888824699699
1301,0.5055299539170507,0.3182769726247987,0.7412755716004813,0.4384615384615374,0.711764705882353,0.4239669421487604,0.2933678392987575
1060,0.4723502304147466,0.3072463768115941,0.7482551143200963,0.4692307692307709,0.6364705882352941,0.4305785123966942,0.7815109589563355
452,0.4133640552995392,0.2775362318840579,0.7019253910950661,0.6538461538461542,0.5988235294117648,0.3975206611570249,0.2591549093855989
253,0.57926267281106,0.3068438003220611,0.4729241877256317,0.4692307692307709,0.8152941176470588,0.2652892561983471,0.5779612892355661
896,0.4797235023041475,0.3710950080515298,0.4308062575210589,0.5,0.7494117647058823,0.2851239669421487,0.2900714931778843
1268,0.4870967741935484,0.2764090177133655,0.717208182912154,0.5307692307692291,0.6458823529411765,0.4041322314049587,0.7801063821315236
880,0.3838709677419355,0.4631239935587762,0.4104693140794223,0.8076923076923084,0.2035294117647059,0.6024793388429752,0.5020378418828696
1370,0.4797235023041475,0.3395330112721417,0.6754512635379062,0.5307692307692291,0.6458823529411765,0.4305785123966942,0.2885749526313176
623,0.5497695852534562,0.3388083735909822,0.8006016847172082,0.4384615384615374,0.608235294117647,0.5297520661157025,0.4590600808266522
345,0.1516129032258064,0.2383252818035426,0.3446450060168471,0.8076923076923084,0.3635294117647059,0.2851239669421487,0.882102134503753
1246,0.2990783410138249,0.25,0.370156438026474,0.3769230769230749,0.5047058823529412,0.2586776859504132,0.7874344286009084
262,0.6161290322580645,0.3699677938808373,0.532129963898917,0.5,0.6741176470588235,0.4041322314049587,0.6833525787536631
150,0.284331797235023,0.25,0.3584837545126353,0.6846153846153833,0.608235294117647,0.212396694214876,0.4094969968899702
472,0.5608294930875577,0.3611916264090177,0.714921780986763,0.4076923076923083,0.7023529411764706,0.4239669421487604,0.608278685045668
640,0.5423963133640554,0.3079710144927535,0.8121540312876053,0.4692307692307709,0.5988235294117648,0.5231404958677686,0.6705890986307445
1438,0.6050691244239632,0.2881642512077295,0.751624548736462,0.3769230769230749,0.6929411764705883,0.4570247933884298,0.7651670487309027
1367,0.4723502304147466,0.4550724637681159,0.4346570397111914,0.5307692307692291,0.6176470588235294,0.3512396694214876,0.8975432995772993
550,0.4981566820276498,0.4128824476650564,0.5813477737665463,0.5,0.6647058823529413,0.4041322314049587,0.5891077844590961
928,0.5165898617511522,0.3116747181964573,0.3884476534296028,0.3769230769230749,0.7588235294117647,0.2520661157024793,0.3392309540991544
488,0.3285714285714286,0.2078099838969404,0.3703971119133574,0.5307692307692291,0.5894117647058824,0.212396694214876,0.5747700026617624
1314,0.3801843317972351,0.2243156199677939,0.4098676293622142,0.5923076923076916,0.2976470588235294,0.3578512396694215,0.8476021935712063
1171,0.3211981566820276,0.3938003220611916,0.2777376654632972,0.4692307692307709,0.4952941176470589,0.3181818181818182,0.568231168877672
146,0.6124423963133642,0.3061191626409018,0.7909747292418773,0.3461538461538458,0.6647058823529413,0.5099173553719009,0.4333802645218267
402,0.2880184331797235,0.3028180354267311,0.3929001203369434,0.6846153846153833,0.6270588235294118,0.271900826446281,0.7638189957578679
954,0.3506912442396314,0.2892914653784219,0.199638989169675,0.4692307692307709,0.6364705882352941,0.2057851239669421,0.7445600577091134
1362,0.332258064516129,0.2298711755233494,0.2081829121540312,0.4076923076923083,0.6741176470588235,0.1925619834710744,0.3970111222598808
659,0.523963133640553,0.3061191626409018,0.7742478941034898,0.3769230769230749,0.6929411764705883,0.4504132231404959,0.1385253385589772
463,0.4317972350230415,0.2265700483091787,0.2521058965102286,0.5923076923076916,0.7305882352941176,0.212396694214876,0.3404655733238977
186,0.5387096774193549,0.3233494363929146,0.3629362214199759,0.4384615384615374,0.2505882352941176,0.5165289256198347,0.7031806053339187
1147,0.195852534562212,0.1818035426731079,0.2085439229843562,0.6846153846153833,0.4670588235294117,0.1991735537190082,0.1512966415052913
1224,0.57926267281106,0.3256038647342996,0.367870036101083,0.4384615384615374,0.7305882352941176,0.2851239669421487,0.7434235243459484
608,0.3838709677419355,0.4213365539452496,0.4918170878459688,0.4692307692307709,0.6552941176470588,0.3380165289256198,0.2819895518998354
143,0.5202764976958527,0.3530595813204509,0.6523465703971119,0.4076923076923083,0.6458823529411765,0.3975206611570249,0.3329650057889756
751,0.523963133640553,0.3086956521739131,0.7046931407942238,0.4692307692307709,0.58,0.4504132231404959,0.1903948359429553
981,0.5976958525345623,0.2056360708534621,0.5275571600481347,0.4076923076923083,0.2223529411764706,0.5165289256198347,0.6926479477278893
197,0.6124423963133642,0.3567632850241545,0.2673886883273164,0.5307692307692291,0.1941176470588235,0.5892561983471074,0.5895916863203199
883,0.2400921658986175,0.667391304347826,0.2010830324909747,0.4076923076923083,0.6270588235294118,0.3380165289256198,0.849726897125115
279,0.6013824884792627,0.3208534621578099,0.3606498194945848,0.5307692307692291,0.7964705882352942,0.2322314049586777,0.2853136322451114
293,0.4723502304147466,0.2063607085346215,0.3351383874849579,0.5,0.5423529411764706,0.2652892561983471,0.4491800515122126
1322,0.5423963133640554,0.3274557165861513,0.396991576413959,0.5307692307692291,0.7400000000000001,0.2652892561983471,0.5058531067711679
400,0.7009216589861752,0.3413848631239935,0.4090252707581226,0.5307692307692291,0.7211764705882353,0.3181818181818182,0.2793728844901396
122,0.571889400921659,0.3241545893719806,0.6482551143200962,0.4076923076923083,0.7211764705882353,0.3776859504132231,0.7903333364480428
1207,0.5866359447004609,0.2951690821256039,0.8453670276774969,0.3769230769230749,0.6835294117647058,0.4966942148760331,0.8362345292245527
202,0.619815668202765,0.3017713365539453,0.8403128760529482,0.4384615384615374,0.5517647058823529,0.5694214876033058,0.2285244200574214
835,0.5018433179723504,0.3454106280193236,0.8258724428399519,0.5,0.6647058823529413,0.5033057851239671,0.4520638105144111
246,0.4023041474654377,0.2925925925925926,0.5054151624548736,0.5615384615384625,0.6176470588235294,0.3247933884297521,0.7466628698778849
1379,0.4576036866359447,0.3252012882447666,0.7101083032490975,0.5307692307692291,0.42,0.5297520661157025,0.2508087834880993
1365,0.490783410138249,0.2034621578099839,0.5034897713598074,0.6538461538461542,0.3164705882352941,0.4107438016528926,0.417675793662483
1153,0.5165898617511522,0.3699677938808373,0.6541516245487364,0.3153846153846167,0.6741176470588235,0.4305785123966942,0.5471014556248205
384,0.4059907834101383,0.1954106280193236,0.5604091456077016,0.6230769230769251,0.5047058823529412,0.3181818181818182,0.862299262630675
1281,0.2880184331797235,0.2485507246376812,0.4279181708784597,0.6230769230769251,0.4011764705882353,0.2983471074380165,0.4011265252938066
854,0.5755760368663595,0.3289049919484701,0.4121540312876052,0.3769230769230749,0.6647058823529413,0.3247933884297521,0.6666096499590912
219,0.3248847926267282,0.3083735909822865,0.2210589651022864,0.5615384615384625,0.8058823529411765,0.1462809917355372,0.4199109926907064
641,0.5276497695852536,0.2698067632850242,0.4578820697954271,0.3769230769230749,0.2505882352941176,0.443801652892562,0.5015960068591803
1,0.3470046082949308,0.3223027375201288,0.6699157641395909,0.4692307692307709,0.6552941176470588,0.3578512396694215,0.5131068665153389
112,0.531336405529954,0.3842995169082126,0.8090252707581227,0.4384615384615374,0.5988235294117648,0.556198347107438,0.8061873839925784
698,0.3617511520737327,0.2371980676328502,0.3898916967509025,0.5615384615384625,0.3447058823529412,0.3578512396694215,0.392916289551555
1386,0.6050691244239632,0.3765700483091787,0.3630565583634175,0.4384615384615374,0.7494117647058823,0.2851239669421487,0.4020285946667562
951,0.523963133640553,0.3545893719806764,0.641034897713598,0.4384615384615374,0.711764705882353,0.3776859504132231,0.786320427890542
1276,0.5755760368663595,0.3479871175523349,0.5316486161251505,0.4384615384615374,0.5988235294117648,0.4107438016528926,0.6344796786000191
1311,0.4170506912442396,0.305072463768116,0.6070998796630565,0.4692307692307709,0.4670588235294117,0.4041322314049587,0.8564597741694869
441,0.7857142857142858,0.2885668276972625,0.6107099879663056,0.4384615384615374,0.448235294117647,0.5363636363636364,0.5789108926742198
1136,0.2990783410138249,0.3384057971014492,0.2664259927797834,0.4384615384615374,0.6552941176470588,0.2190082644628099,0.1406093677652038
1256,0.4207373271889401,0.2060386473429951,0.2595667870036101,0.6230769230769251,0.3258823529411765,0.3049586776859504,0.8343224183404172
663,0.5866359447004609,0.3178743961352657,0.7661853188929001,0.4692307692307709,0.6929411764705883,0.4768595041322314,0.1695832556570457
1330,0.5829493087557605,0.3857487922705314,0.4977135980746089,0.3769230769230749,0.6176470588235294,0.4239669421487604,0.6839176118089544
1257,0.3138248847926267,0.2037842190016103,0.270878459687124,0.5615384615384625,0.4105882352941177,0.2652892561983471,0.3033788100120012
1289,0.6898617511520737,0.3791465378421901,0.8232250300842358,0.4076923076923083,0.6741176470588235,0.5628099173553719,0.8701610219686081
317,0.7046082949308757,0.3428341384863124,0.8630565583634175,0.3153846153846167,0.6552941176470588,0.5892561983471074,0.4169633091745239
648,0.6087557603686636,0.3446859903381642,0.8713598074608905,0.3769230769230749,0.6647058823529413,0.5495867768595042,0.4259363235699215
709,0.3138248847926267,0.2030595813204508,0.1738868832731648,0.4384615384615374,0.5705882352941177,0.2057851239669421,0.239491441397206
1282,0.5129032258064516,0.3185990338164251,0.6785800240673887,0.4076923076923083,0.7023529411764706,0.390909090909091,0.6415450950625433
972,0.619815668202765,0.298792270531401,0.7611311672683513,0.4384615384615374,0.6647058823529413,0.4834710743801653,0.843105385560245
627,0.5018433179723504,0.3142512077294686,0.7345367027677497,0.5,0.6552941176470588,0.4371900826446281,0.2139228107922129
632,0.6161290322580645,0.351610305958132,0.6156438026474127,0.4692307692307709,0.7211764705882353,0.390909090909091,0.2651292935957367
1248,0.3506912442396314,0.1905797101449275,0.4019253910950662,0.6846153846153833,0.608235294117647,0.2256198347107438,0.4014249426911672
1416,0.2806451612903226,0.3497584541062802,0.1327316486161251,0.4384615384615374,0.7870588235294117,0.152892561983471,0.8509680181137167
1254,0.476036866359447,0.3332528180354267,0.5750902527075812,0.4076923076923083,0.6176470588235294,0.390909090909091,0.8739548433157677
1341,0.6087557603686636,0.3193236714975845,0.8055354993983154,0.3769230769230749,0.6647058823529413,0.5099173553719009,0.6309304089692734
795,0.5165898617511522,0.3563607085346215,0.4630565583634176,0.4384615384615374,0.7023529411764706,0.3115702479338843,0.7922924629261565
645,0.2769585253456221,0.2665056360708534,0.3709987966305655,0.7461538461538458,0.58,0.2388429752066116,0.2204074731094007
1012,0.5165898617511522,0.2507246376811594,0.4150421179302045,0.5307692307692291,0.6835294117647058,0.2652892561983471,0.7646674113330532
556,0.5165898617511522,0.2595813204508856,0.7635379061371841,0.4692307692307709,0.6176470588235294,0.4371900826446281,0.590059839803513
681,0.4797235023041475,0.2940418679549115,0.4245487364620939,0.3769230769230749,0.7870588235294117,0.2388429752066116,0.7413079285585208
577,0.6050691244239632,0.3046698872785829,0.4350180505415162,0.5307692307692291,0.7400000000000001,0.2983471074380165,0.7499335372017398
1109,0.2474654377880184,0.3006441223832528,0.3631768953068592,0.5923076923076916,0.608235294117647,0.2454545454545454,0.1470420769681991
1266,0.332258064516129,0.5020128824476651,0.1229843561973525,0.3461538461538458,0.8247058823529412,0.1595041322314049,0.4967342734067106
1183,0.3248847926267282,0.3226247987117552,0.1186522262334536,0.6538461538461542,0.9,0.1,0.1533381006514258
524,0.4797235023041475,0.2459742351046698,0.4273164861612515,0.4076923076923083,0.6929411764705883,0.2454545454545454,0.5633894118358223
1059,0.4797235023041475,0.2914653784219001,0.4080625752105896,0.3769230769230749,0.7870588235294117,0.2388429752066116,0.7552829454807337
540,0.5755760368663595,0.3805958132045088,0.8078219013237063,0.3769230769230749,0.6929411764705883,0.5033057851239671,0.6020137897306974
1194,0.4870967741935484,0.2954911433172302,0.6622141997593262,0.4692307692307709,0.7400000000000001,0.3512396694214876,0.5625143134262669
748,0.3506912442396314,0.2060386473429951,0.421540312876053,0.5307692307692291,0.3258823529411765,0.3247933884297521,0.1513076794954583
1344,0.708294930875576,0.3057971014492753,0.5531889290012034,0.4692307692307709,0.6929411764705883,0.3975206611570249,0.4567720193522461
484,0.1847926267281106,0.1,0.374488567990373,0.7461538461538458,0.4011764705882353,0.212396694214876,0.2429082511330087
95,0.5645161290322581,0.2999194847020934,0.6688327316486161,0.3461538461538458,0.6929411764705883,0.4041322314049587,0.5190165509116672
1020,0.6087557603686636,0.3450080515297906,0.62647412755716,0.2230769230769207,0.7588235294117647,0.3710743801652892,0.4758868872707814
563,0.4428571428571429,0.2471014492753623,0.4262334536702767,0.6230769230769251,0.4105882352941177,0.3314049586776859,0.5331303336612553
1264,0.195852534562212,0.5086151368760065,0.2998796630565583,0.5923076923076916,0.4764705882352941,0.3512396694214876,0.5986349785148145
742,0.483410138248848,0.351610305958132,0.5073405535499398,0.4076923076923083,0.7023529411764706,0.3181818181818182,0.3177880542280413
863,0.4576036866359447,0.2258454106280193,0.464259927797834,0.6538461538461542,0.3070588235294118,0.390909090909091,0.805962282991768
891,0.3211981566820276,0.2690821256038648,0.1873646209386281,0.7461538461538458,0.8341176470588235,0.1661157024793388,0.5752215554186693
1038,0.5534562211981567,0.3501610305958132,0.5830324909747292,0.3769230769230749,0.6176470588235294,0.4107438016528926,0.394725397118593
206,0.4059907834101383,0.2669082125603864,0.2232250300842359,0.5,0.6647058823529413,0.2190082644628099,0.2395327297245637
392,0.2990783410138249,0.3428341384863124,0.2407942238267147,0.4692307692307709,0.6552941176470588,0.1991735537190082,0.5620686556768332
794,0.3543778801843318,0.3259259259259259,0.6701564380264742,0.5615384615384625,0.5988235294117648,0.390909090909091,0.326207653829302
870,0.1774193548387097,0.2456521739130435,0.3375451263537906,0.6538461538461542,0.5705882352941177,0.2256198347107438,0.3995042521433303
397,0.2732718894009217,0.2793880837359098,0.2101083032490974,0.6230769230769251,0.7211764705882353,0.1793388429752066,0.8146233162557962
766,0.3986175115207374,0.4121578099838969,0.4990373044524668,0.6538461538461542,0.7400000000000001,0.2785123966942149,0.4249795128927235
1334,0.4944700460829493,0.3813204508856682,0.8003610108303248,0.5307692307692291,0.7023529411764706,0.4636363636363637,0.3707034551543717
1241,0.6566820276497697,0.3677938808373591,0.811913357400722,0.5,0.7400000000000001,0.5099173553719009,0.8790435156951353
1028,0.3654377880184332,0.3567632850241545,0.4569193742478941,0.4076923076923083,0.6835294117647058,0.2851239669421487,0.4870150241007188
642,0.4391705069124424,0.3670692431561997,0.6362214199759326,0.5923076923076916,0.6364705882352941,0.390909090909091,0.1190363009925244
612,0.6529953917050692,0.3681159420289855,0.682791817087846,0.4692307692307709,0.6364705882352941,0.4966942148760331,0.9
960,0.4944700460829493,0.3703703703703703,0.7451263537906136,0.5307692307692291,0.711764705882353,0.4305785123966942,0.8036250100431324
725,0.3248847926267282,0.2367954911433172,0.3109506618531888,0.6230769230769251,0.7023529411764706,0.1925619834710744,0.545500357951154
683,0.4133640552995392,0.2459742351046698,0.394705174488568,0.4692307692307709,0.6835294117647058,0.2322314049586777,0.7582422905978125
98,0.3838709677419355,0.2855877616747182,0.3061371841155234,0.5,0.6552941176470588,0.2388429752066116,0.5608321840794215
804,0.3543778801843318,0.3266505636070853,0.5823104693140794,0.4692307692307709,0.7305882352941176,0.2851239669421487,0.5127535344547626
406,0.6566820276497697,0.2214170692431562,0.3790613718411552,0.5,0.5047058823529412,0.3446280991735537,0.8722385831196645
502,0.723041474654378,0.2702093397745572,0.7169675090252707,0.3461538461538458,0.6176470588235294,0.4966942148760331,0.1357868351091949
1071,0.627188940092166,0.3215780998389694,0.7405535499398316,0.4076923076923083,0.6835294117647058,0.4834710743801653,0.3089303853451013
1056,0.476036866359447,0.3479871175523349,0.6813477737665463,0.4076923076923083,0.3635294117647059,0.5231404958677686,0.3874343579731811
929,0.6529953917050692,0.3200483091787439,0.6202166064981949,0.5,0.6458823529411765,0.4173553719008265,0.6888126679047559
779,0.4502304147465438,0.2973429951690821,0.7365824308062575,0.4692307692307709,0.58,0.4371900826446281,0.2710091538290021
200,0.4465437788018435,0.2665056360708534,0.474849578820698,0.4076923076923083,0.5329411764705883,0.3446280991735537,0.3300013387365337
134,0.4649769585253457,0.2855877616747182,0.3648616125150421,0.4692307692307709,0.6647058823529413,0.2388429752066116,0.4728527497981677
1051,0.435483870967742,0.4272141706924316,0.5808664259927798,0.3769230769230749,0.6552941176470588,0.4041322314049587,0.1307118869813983
40,0.5460829493087559,0.3285024154589371,0.8441636582430805,0.4384615384615374,0.6458823529411765,0.5033057851239671,0.1966736641823276
1017,0.4244239631336406,0.1836553945249597,0.347653429602888,0.5923076923076916,0.58,0.2190082644628099,0.7704148710628737
230,0.57926267281106,0.3384057971014492,0.4392298435619735,0.3461538461538458,0.7305882352941176,0.3115702479338843,0.6340908858021821
378,0.4797235023041475,0.3068438003220611,0.6422382671480145,0.4384615384615374,0.7305882352941176,0.3512396694214876,0.1206909561534179
288,0.5202764976958527,0.3772946859903382,0.705655836341757,0.4692307692307709,0.5988235294117648,0.4966942148760331,0.3990195468917076
418,0.4428571428571429,0.2078099838969404,0.3854392298435619,0.5615384615384625,0.3258823529411765,0.3380165289256198,0.7674025808330678
391,0.6714285714285715,0.3901771336553945,0.7873646209386281,0.4384615384615374,0.6647058823529413,0.5429752066115702,0.1969879752261127
592,0.5608294930875577,0.410305958132045,0.5194945848375452,0.4384615384615374,0.58,0.443801652892562,0.738343024718262
1162,0.6714285714285715,0.3142512077294686,0.7154031287605295,0.4384615384615374,0.6929411764705883,0.4702479338842976,0.3271122666030251
1086,0.6861751152073734,0.2584541062801933,0.3123947051744885,0.3769230769230749,0.6270588235294118,0.3049586776859504,0.5927509472326945
647,0.5571428571428573,0.3582125603864735,0.5560770156438026,0.5,0.7400000000000001,0.3314049586776859,0.3320886794200692
1152,0.4207373271889401,0.3274557165861513,0.7257521058965102,0.5,0.6647058823529413,0.4107438016528926,0.5836193310521688
520,0.3912442396313363,0.1979066022544283,0.361251504211793,0.6230769230769251,0.2694117647058823,0.3247933884297521,0.5385457074350368
64,0.6419354838709677,0.3732689210950081,0.8825511432009627,0.3461538461538458,0.6270588235294118,0.5958677685950414,0.7098380455447434
14,0.2880184331797235,0.2416264090177133,0.3080625752105896,0.5307692307692291,0.5894117647058824,0.2454545454545454,0.4213697177073743
1180,0.523963133640553,0.2995169082125604,0.511913357400722,0.4384615384615374,0.7870588235294117,0.2586776859504132,0.6734787173265523
1064,0.3801843317972351,0.292914653784219,0.6942238267148014,0.5615384615384625,0.6458823529411765,0.3710743801652892,0.6936043603215329
492,0.5903225806451613,0.3233494363929146,0.8635379061371841,0.3769230769230749,0.6741176470588235,0.5231404958677686,0.8191044224388198
379,0.4539170506912443,0.292914653784219,0.8354993983152829,0.5923076923076916,0.6176470588235294,0.4834710743801653,0.4141321935120354
187,0.4502304147465438,0.3490338164251207,0.2275571600481347,0.5,0.843529411764706,0.1462809917355372,0.5008695517251923
763,0.6087557603686636,0.3248792270531401,0.6889290012033693,0.4076923076923083,0.7211764705882353,0.4173553719008265,0.4607534937555347
216,0.2806451612903226,0.2298711755233494,0.3659446450060167,0.6538461538461542,0.2223529411764706,0.3578512396694215,0.7073685486619815
791,0.3211981566820276,0.3157004830917874,0.229121540312876,0.5307692307692291,0.7211764705882353,0.1859504132231405,0.3800220108904625
1076,0.5940092165898618,0.2268921095008051,0.5367027677496992,0.4076923076923083,0.3352941176470588,0.5099173553719009,0.5872416578436015
878,0.5202764976958527,0.2713365539452496,0.4334536702767749,0.6538461538461542,0.2505882352941176,0.4702479338842976,0.7955508426306225
337,0.3359447004608294,0.3160225442834138,0.5604091456077016,0.6846153846153833,0.5329411764705883,0.3578512396694215,0.5111562739534213
719,0.5018433179723504,0.4305152979066022,0.441034897713598,0.4384615384615374,0.7494117647058823,0.3049586776859504,0.7743822046715173
295,0.6235023041474654,0.4289855072463768,0.6304452466907341,0.5,0.7023529411764706,0.443801652892562,0.5310278072137447
1016,0.7341013824884793,0.3310789049919485,0.7174488567990372,0.4076923076923083,0.5517647058823529,0.5628099173553719,0.2113329000549658
1275,0.5645161290322581,0.3468599033816425,0.3241877256317689,0.4692307692307709,0.7682352941176471,0.2454545454545454,0.1708451749061859
455,0.4723502304147466,0.3310789049919485,0.6182912154031287,0.4076923076923083,0.7494117647058823,0.3314049586776859,0.2151910014625096
1449,0.3543778801843318,0.2606280193236715,0.3713598074608905,0.5923076923076916,0.6929411764705883,0.2388429752066116,0.649600060561671
815,0.4059907834101383,0.2177133655394525,0.2738868832731648,0.5923076923076916,0.3070588235294118,0.3181818181818182,0.714940590654427
269,0.4207373271889401,0.2603059581320451,0.4922984356197352,0.6230769230769251,0.3164705882352941,0.4504132231404959,0.8396912187461044
995,0.5460829493087559,0.4091787439613527,0.7305655836341757,0.4384615384615374,0.7588235294117647,0.4107438016528926,0.8348079382186684
201,0.619815668202765,0.2914653784219001,0.6992779783393501,0.4076923076923083,0.6647058823529413,0.4504132231404959,0.148089801582295
161,0.1,0.2665056360708534,0.3849578820697954,0.5615384615384625,0.2317647058823529,0.3247933884297521,0.8901330809574558
729,0.4612903225806452,0.3842995169082126,0.3839951865222623,0.4384615384615374,0.6552941176470588,0.2917355371900826,0.2222680851440448
401,0.571889400921659,0.3784219001610306,0.6708784596871238,0.4692307692307709,0.6835294117647058,0.4239669421487604,0.656496033080326
702,0.4981566820276498,0.3992753623188406,0.4015643802647413,0.3769230769230749,0.7400000000000001,0.2851239669421487,0.2925194574322604
1129,0.627188940092166,0.3182769726247987,0.6564380264741275,0.4692307692307709,0.7682352941176471,0.390909090909091,0.1051413678872855
565,0.3027649769585253,0.2004830917874396,0.3726835138387484,0.5923076923076916,0.4388235294117647,0.2652892561983471,0.1223486073746106
1021,0.3949308755760369,0.3223027375201288,0.524187725631769,0.5307692307692291,0.6270588235294118,0.3314049586776859,0.176414916011804
1025,0.476036866359447,0.3123993558776167,0.5605294825511432,0.3461538461538458,0.6929411764705883,0.3446280991735537,0.6686749523839198
1104,0.6345622119815668,0.4235104669887278,0.8475330926594464,0.5307692307692291,0.711764705882353,0.556198347107438,0.4284838648940292
205,0.3838709677419355,0.2632045088566828,0.4084235860409145,0.6846153846153833,0.3352941176470588,0.390909090909091,0.815997117048401
34,0.2806451612903226,0.4627214170692432,0.2765342960288808,0.2538461538461541,0.5329411764705883,0.3314049586776859,0.3794898919613071
775,0.3359447004608294,0.3355072463768116,0.4726835138387485,0.6538461538461542,0.7023529411764706,0.2917355371900826,0.8588869995548226
508,0.4576036866359447,0.5056360708534621,0.3552346570397112,0.3461538461538458,0.6929411764705883,0.3314049586776859,0.4366748754478523
1430,0.5129032258064516,0.3010466988727858,0.7016847172081828,0.4692307692307709,0.711764705882353,0.3975206611570249,0.8044662007228415
1390,0.5387096774193549,0.3157004830917874,0.8265944645006017,0.5307692307692291,0.3823529411764707,0.6355371900826448,0.8846035222131917
91,0.5055299539170507,0.3490338164251207,0.7750902527075811,0.4692307692307709,0.6835294117647058,0.4570247933884298,0.4924714365970487
1363,0.6640552995391705,0.3076489533011272,0.3014440433212996,0.3153846153846167,0.6929411764705883,0.2785123966942149,0.5162623592779401
897,0.3470046082949308,0.5574074074074075,0.287725631768953,0.4692307692307709,0.6270588235294118,0.3181818181818182,0.8782294292083973
564,0.3986175115207374,0.3006441223832528,0.4435619735258724,0.6538461538461542,0.7305882352941176,0.2520661157024793,0.4372860605126369
1369,0.5276497695852536,0.3028180354267311,0.4948255114320096,0.4076923076923083,0.7964705882352942,0.2586776859504132,0.2822727113003178
776,0.4649769585253457,0.544524959742351,0.5180505415162454,0.3769230769230749,0.5988235294117648,0.4371900826446281,0.3464819850447673
241,0.6419354838709677,0.3109500805152979,0.8296028880866426,0.4076923076923083,0.6929411764705883,0.5165289256198347,0.171329713219544
13,0.3986175115207374,0.4605475040257648,0.3486161251504212,0.4076923076923083,0.7023529411764706,0.2652892561983471,0.6205169830058833
315,0.5571428571428573,0.3086956521739131,0.7085439229843562,0.4692307692307709,0.6835294117647058,0.4371900826446281,0.3608502948746744
600,0.3248847926267282,0.2181159420289855,0.2724428399518652,0.5307692307692291,0.608235294117647,0.2057851239669421,0.7670154919291539
387,0.490783410138249,0.3461352657004831,0.3221419975932611,0.4384615384615374,0.7964705882352942,0.2190082644628099,0.5516472592138901
1297,0.6419354838709677,0.3178743961352657,0.799638989169675,0.4384615384615374,0.711764705882353,0.5033057851239671,0.3845843221056322
166,0.6087557603686636,0.3006441223832528,0.7541516245487364,0.3769230769230749,0.6929411764705883,0.4570247933884298,0.6650022070261896
840,0.4059907834101383,0.2654589371980677,0.4808664259927797,0.5923076923076916,0.3729411764705882,0.3776859504132231,0.5439857559684849
20,0.5276497695852536,0.3252012882447666,0.7095066185318892,0.4384615384615374,0.5329411764705883,0.4768595041322314,0.6542361681209019
646,0.476036866359447,0.2588566827697262,0.3953068592057761,0.5307692307692291,0.5611764705882353,0.3049586776859504,0.1511198546855376
1154,0.6456221198156682,0.3343800322061192,0.6610108303249097,0.3769230769230749,0.7211764705882353,0.4239669421487604,0.6464003628676064
831,0.5202764976958527,0.3252012882447666,0.4173285198555957,0.5307692307692291,0.6835294117647058,0.3049586776859504,0.6594507729485443
1267,0.1995391705069124,0.2859903381642512,0.5286401925391095,0.7153846153846167,0.4952941176470589,0.3115702479338843,0.3477383752664765
562,0.7820276497695854,0.3098228663446055,0.6874849578820699,0.2538461538461541,0.5517647058823529,0.5694214876033058,0.2051455628131275
1415,0.619815668202765,0.299194847020934,0.7298435619735258,0.4076923076923083,0.6741176470588235,0.4702479338842976,0.4608252868404193
686,0.483410138248848,0.2628824476650563,0.4885679903730444,0.5923076923076916,0.26,0.4702479338842976,0.2374053551584193
957,0.2290322580645161,0.2069243156199678,0.2280385078219013,0.5307692307692291,0.5705882352941177,0.1991735537190082,0.7077635671334698
189,0.5202764976958527,0.2958937198067632,0.6262334536702767,0.4076923076923083,0.7305882352941176,0.3578512396694215,0.5161487931026598
975,0.531336405529954,0.2900161030595813,0.7557160048134777,0.3461538461538458,0.6929411764705883,0.4305785123966942,0.1395134389245814
699,0.6493087557603687,0.3351046698872786,0.8137184115523465,0.4384615384615374,0.6364705882352941,0.5495867768595042,0.7528470224512884
510,0.2069124423963133,0.1928341384863124,0.2889290012033694,0.5923076923076916,0.3729411764705882,0.2652892561983471,0.5564488860625937
1082,0.708294930875576,0.3916264090177134,0.7014440433212997,0.3461538461538458,0.5894117647058824,0.5760330578512397,0.4691142957737494
474,0.5940092165898618,0.3508856682769726,0.6571600481347774,0.4384615384615374,0.6458823529411765,0.4636363636363637,0.8977950866228309
856,0.483410138248848,0.3248792270531401,0.7521058965102285,0.4384615384615374,0.6270588235294118,0.4768595041322314,0.885737053897943
747,0.483410138248848,0.3296296296296297,0.1993983152827918,0.5615384615384625,0.7870588235294117,0.1727272727272727,0.4908063020471047
252,0.3875576036866359,0.3208534621578099,0.5220216606498196,0.5923076923076916,0.2505882352941176,0.4636363636363637,0.6006390290430705
21,0.4428571428571429,0.3076489533011272,0.5539109506618533,0.5,0.6929411764705883,0.3247933884297521,0.6957901977916061
1337,0.3433179723502304,0.2522544283413849,0.3823104693140794,0.4384615384615374,0.58,0.2520661157024793,0.4457486908593934
459,0.3248847926267282,0.3670692431561997,0.449338146811071,0.4384615384615374,0.5988235294117648,0.3446280991735537,0.7802786014240439
1184,0.3359447004608294,0.2672302737520129,0.2097472924187725,0.4384615384615374,0.711764705882353,0.1661157024793388,0.6182037917045218
276,0.627188940092166,0.3501610305958132,0.8528279181708784,0.4076923076923083,0.711764705882353,0.5297520661157025,0.5489615724627852
955,0.3986175115207374,0.2463768115942028,0.3726835138387484,0.5615384615384625,0.6176470588235294,0.2454545454545454,0.7926022979377187
1215,0.57926267281106,0.3006441223832528,0.4676293622141997,0.5,0.6458823529411765,0.3446280991735537,0.1362040459362498
385,0.1331797235023041,0.1946054750402576,0.2429602888086642,0.7153846153846167,0.2505882352941176,0.271900826446281,0.7056240967664232
805,0.6308755760368665,0.3336553945249597,0.8391095066185319,0.3769230769230749,0.6741176470588235,0.5363636363636364,0.5197887960880457
343,0.4244239631336406,0.3431561996779388,0.4122743682310469,0.5307692307692291,0.7023529411764706,0.2785123966942149,0.3526171580918188
769,0.5940092165898618,0.4110305958132044,0.6233453670276774,0.4692307692307709,0.711764705882353,0.4173553719008265,0.5060992660709677
1332,0.3506912442396314,0.2404991948470209,0.3283995186522262,0.6538461538461542,0.6552941176470588,0.2057851239669421,0.4063984405092811
130,0.5534562211981567,0.3299516908212561,0.3551143200962695,0.4384615384615374,0.7023529411764706,0.2785123966942149,0.4941421395012265
871,0.4649769585253457,0.3494363929146538,0.4782190132370637,0.4384615384615374,0.5988235294117648,0.3710743801652892,0.2625933568887907
1123,0.4686635944700461,0.3101449275362319,0.6488567990373044,0.5,0.6552941176470588,0.3842975206611571,0.2464732426563872
1396,0.4576036866359447,0.3185990338164251,0.5073405535499398,0.6846153846153833,0.3729411764705882,0.4239669421487604,0.209172447634772
87,0.4428571428571429,0.314573268921095,0.3358604091456076,0.4692307692307709,0.7305882352941176,0.2388429752066116,0.1825705438118109
330,0.5350230414746545,0.2459742351046698,0.6121540312876053,0.4692307692307709,0.6835294117647058,0.3578512396694215,0.2366011862492638
1238,0.147926267281106,0.2698067632850242,0.3967509025270758,0.6538461538461542,0.3164705882352941,0.3181818181818182,0.3983538324058565
466,0.2069124423963133,0.3219001610305958,0.3320096269554753,0.5307692307692291,0.6458823529411765,0.212396694214876,0.6497397742452512
121,0.5976958525345623,0.2511272141706924,0.5730445246690734,0.4384615384615374,0.7588235294117647,0.3181818181818182,0.6350270651571062
1044,0.3470046082949308,0.1451690821256038,0.3676293622141997,0.6538461538461542,0.4670588235294117,0.2322314049586777,0.6597802328372651
1095,0.4797235023041475,0.3718196457326892,0.7008423586040915,0.5307692307692291,0.608235294117647,0.4636363636363637,0.4384100999913455
1130,0.5903225806451613,0.2973429951690821,0.7600481347773765,0.4076923076923083,0.7023529411764706,0.4570247933884298,0.1604590698344757
1294,0.4428571428571429,0.2540257648953301,0.3783393501805053,0.5,0.7682352941176471,0.2190082644628099,0.5347544447378193
860,0.6456221198156682,0.3277777777777778,0.5267148014440434,0.4076923076923083,0.7305882352941176,0.3512396694214876,0.6150256362698966
1126,0.6124423963133642,0.2771336553945249,0.6490974729241877,0.3461538461538458,0.7588235294117647,0.3644628099173553,0.4974751678980093
